[
{
    "model": "admin.logentry",
    "pk": 1,
    "fields": {
        "action_time": "2023-06-30T14:21:32.256Z",
        "user": 1,
        "content_type": 7,
        "object_id": "1",
        "object_repr": "powerprotein.example.com",
        "action_flag": 2,
        "change_message": "[{\"changed\": {\"fields\": [\"Domain name\", \"Display name\"]}}]"
    }
},
{
    "model": "admin.logentry",
    "pk": 2,
    "fields": {
        "action_time": "2023-06-30T14:59:45.579Z",
        "user": 1,
        "content_type": 8,
        "object_id": "1",
        "object_repr": "giovani@someemail.com",
        "action_flag": 1,
        "change_message": "[{\"added\": {}}]"
    }
},
{
    "model": "admin.logentry",
    "pk": 3,
    "fields": {
        "action_time": "2023-07-02T19:41:05.152Z",
        "user": 1,
        "content_type": 13,
        "object_id": "1",
        "object_repr": "Whey _Protein",
        "action_flag": 1,
        "change_message": "[{\"added\": {}}]"
    }
},
{
    "model": "admin.logentry",
    "pk": 4,
    "fields": {
        "action_time": "2023-07-02T19:44:32.712Z",
        "user": 1,
        "content_type": 14,
        "object_id": "1",
        "object_repr": "Optimum Nutrition Hydro Whey Platinum 1.6kg",
        "action_flag": 1,
        "change_message": "[{\"added\": {}}]"
    }
},
{
    "model": "admin.logentry",
    "pk": 5,
    "fields": {
        "action_time": "2023-07-02T19:46:04.268Z",
        "user": 1,
        "content_type": 14,
        "object_id": "2",
        "object_repr": "THE Whey - My Protein",
        "action_flag": 1,
        "change_message": "[{\"added\": {}}]"
    }
},
{
    "model": "admin.logentry",
    "pk": 6,
    "fields": {
        "action_time": "2023-07-02T19:47:38.958Z",
        "user": 1,
        "content_type": 14,
        "object_id": "3",
        "object_repr": "Impact Whey Protein - 2.5kg",
        "action_flag": 1,
        "change_message": "[{\"added\": {}}]"
    }
},
{
    "model": "admin.logentry",
    "pk": 7,
    "fields": {
        "action_time": "2023-07-02T19:49:28.280Z",
        "user": 1,
        "content_type": 14,
        "object_id": "4",
        "object_repr": "Whey Protein - Helltech 2270g",
        "action_flag": 1,
        "change_message": "[{\"added\": {}}]"
    }
},
{
    "model": "admin.logentry",
    "pk": 8,
    "fields": {
        "action_time": "2023-07-02T19:51:02.499Z",
        "user": 1,
        "content_type": 14,
        "object_id": "5",
        "object_repr": "3Whey Protein - Sharkpro 900g",
        "action_flag": 1,
        "change_message": "[{\"added\": {}}]"
    }
},
{
    "model": "admin.logentry",
    "pk": 9,
    "fields": {
        "action_time": "2023-07-02T19:52:40.977Z",
        "user": 1,
        "content_type": 14,
        "object_id": "6",
        "object_repr": "Power Whey Complex - BioX - 2.27kg",
        "action_flag": 1,
        "change_message": "[{\"added\": {}}]"
    }
},
{
    "model": "admin.logentry",
    "pk": 10,
    "fields": {
        "action_time": "2023-07-02T19:54:28.065Z",
        "user": 1,
        "content_type": 14,
        "object_id": "7",
        "object_repr": "100% Whey Protein Powder",
        "action_flag": 1,
        "change_message": "[{\"added\": {}}]"
    }
},
{
    "model": "admin.logentry",
    "pk": 11,
    "fields": {
        "action_time": "2023-07-02T19:56:38.005Z",
        "user": 1,
        "content_type": 14,
        "object_id": "8",
        "object_repr": "Whey protein 500g - chocolate",
        "action_flag": 1,
        "change_message": "[{\"added\": {}}]"
    }
},
{
    "model": "admin.logentry",
    "pk": 12,
    "fields": {
        "action_time": "2023-07-02T19:57:40.734Z",
        "user": 1,
        "content_type": 14,
        "object_id": "9",
        "object_repr": "Whey Protein Isolate, Unflavored Powder",
        "action_flag": 1,
        "change_message": "[{\"added\": {}}]"
    }
},
{
    "model": "admin.logentry",
    "pk": 13,
    "fields": {
        "action_time": "2023-07-02T20:05:34.741Z",
        "user": 1,
        "content_type": 13,
        "object_id": "2",
        "object_repr": "Protein_isolate",
        "action_flag": 1,
        "change_message": "[{\"added\": {}}]"
    }
},
{
    "model": "admin.logentry",
    "pk": 14,
    "fields": {
        "action_time": "2023-07-02T20:06:02.593Z",
        "user": 1,
        "content_type": 13,
        "object_id": "3",
        "object_repr": "vegan_protein",
        "action_flag": 1,
        "change_message": "[{\"added\": {}}]"
    }
},
{
    "model": "admin.logentry",
    "pk": 15,
    "fields": {
        "action_time": "2023-07-02T20:06:16.544Z",
        "user": 1,
        "content_type": 13,
        "object_id": "1",
        "object_repr": "whey_protein",
        "action_flag": 2,
        "change_message": "[{\"changed\": {\"fields\": [\"Name\"]}}]"
    }
},
{
    "model": "admin.logentry",
    "pk": 16,
    "fields": {
        "action_time": "2023-07-02T20:06:22.453Z",
        "user": 1,
        "content_type": 13,
        "object_id": "2",
        "object_repr": "protein_isolate",
        "action_flag": 2,
        "change_message": "[{\"changed\": {\"fields\": [\"Name\"]}}]"
    }
},
{
    "model": "admin.logentry",
    "pk": 17,
    "fields": {
        "action_time": "2023-07-02T20:06:37.852Z",
        "user": 1,
        "content_type": 13,
        "object_id": "4",
        "object_repr": "colagen_protein",
        "action_flag": 1,
        "change_message": "[{\"added\": {}}]"
    }
},
{
    "model": "admin.logentry",
    "pk": 18,
    "fields": {
        "action_time": "2023-07-02T20:07:11.123Z",
        "user": 1,
        "content_type": 13,
        "object_id": "5",
        "object_repr": "creatine",
        "action_flag": 1,
        "change_message": "[{\"added\": {}}]"
    }
},
{
    "model": "admin.logentry",
    "pk": 19,
    "fields": {
        "action_time": "2023-07-02T20:07:29.700Z",
        "user": 1,
        "content_type": 13,
        "object_id": "6",
        "object_repr": "pre_workout",
        "action_flag": 1,
        "change_message": "[{\"added\": {}}]"
    }
},
{
    "model": "admin.logentry",
    "pk": 20,
    "fields": {
        "action_time": "2023-07-02T20:08:27.093Z",
        "user": 1,
        "content_type": 13,
        "object_id": "7",
        "object_repr": "weight_gainers",
        "action_flag": 1,
        "change_message": "[{\"added\": {}}]"
    }
},
{
    "model": "admin.logentry",
    "pk": 21,
    "fields": {
        "action_time": "2023-07-02T20:08:55.039Z",
        "user": 1,
        "content_type": 13,
        "object_id": "8",
        "object_repr": "weight_loss_supplements",
        "action_flag": 1,
        "change_message": "[{\"added\": {}}]"
    }
},
{
    "model": "admin.logentry",
    "pk": 22,
    "fields": {
        "action_time": "2023-07-02T20:09:17.389Z",
        "user": 1,
        "content_type": 13,
        "object_id": "9",
        "object_repr": "new_arrivals",
        "action_flag": 1,
        "change_message": "[{\"added\": {}}]"
    }
},
{
    "model": "admin.logentry",
    "pk": 23,
    "fields": {
        "action_time": "2023-07-02T21:21:05.861Z",
        "user": 1,
        "content_type": 14,
        "object_id": "10",
        "object_repr": "Applied Nutrition Clear Whey Isolate 875g",
        "action_flag": 1,
        "change_message": "[{\"added\": {}}]"
    }
},
{
    "model": "admin.logentry",
    "pk": 24,
    "fields": {
        "action_time": "2023-07-02T21:22:32.810Z",
        "user": 1,
        "content_type": 14,
        "object_id": "11",
        "object_repr": "Impact Whey Isolate - 500g",
        "action_flag": 1,
        "change_message": "[{\"added\": {}}]"
    }
},
{
    "model": "admin.logentry",
    "pk": 25,
    "fields": {
        "action_time": "2023-07-02T21:23:18.360Z",
        "user": 1,
        "content_type": 14,
        "object_id": "12",
        "object_repr": "Optimum Nutrition Gold Standard Whey Isolate 930g",
        "action_flag": 1,
        "change_message": "[{\"added\": {}}]"
    }
},
{
    "model": "admin.logentry",
    "pk": 26,
    "fields": {
        "action_time": "2023-07-02T21:23:46.240Z",
        "user": 1,
        "content_type": 14,
        "object_id": "12",
        "object_repr": "Optimum Nutrition Gold Standard Whey Isolate 930g",
        "action_flag": 2,
        "change_message": "[{\"changed\": {\"fields\": [\"Price\", \"Image\"]}}]"
    }
},
{
    "model": "admin.logentry",
    "pk": 27,
    "fields": {
        "action_time": "2023-07-02T21:26:34.749Z",
        "user": 1,
        "content_type": 14,
        "object_id": "13",
        "object_repr": "SO NUTRITION - WHEY ISOLATE ZERO 454G BAG (FORMER PURE WHEY ISOLATE)",
        "action_flag": 1,
        "change_message": "[{\"added\": {}}]"
    }
},
{
    "model": "admin.logentry",
    "pk": 28,
    "fields": {
        "action_time": "2023-07-02T21:29:05.536Z",
        "user": 1,
        "content_type": 14,
        "object_id": "9",
        "object_repr": "Whey Protein Isolate, Unflavored Powder",
        "action_flag": 3,
        "change_message": ""
    }
},
{
    "model": "admin.logentry",
    "pk": 29,
    "fields": {
        "action_time": "2023-07-02T21:31:09.635Z",
        "user": 1,
        "content_type": 14,
        "object_id": "14",
        "object_repr": "Whey Isolate 100 % - EnergyBody",
        "action_flag": 1,
        "change_message": "[{\"added\": {}}]"
    }
},
{
    "model": "admin.logentry",
    "pk": 30,
    "fields": {
        "action_time": "2023-07-02T21:33:09.066Z",
        "user": 1,
        "content_type": 14,
        "object_id": "15",
        "object_repr": "Pea Protein Isolate 1kg",
        "action_flag": 1,
        "change_message": "[{\"added\": {}}]"
    }
},
{
    "model": "admin.logentry",
    "pk": 31,
    "fields": {
        "action_time": "2023-07-02T21:35:14.707Z",
        "user": 1,
        "content_type": 14,
        "object_id": "16",
        "object_repr": "Fit Pro Whey Protein (1000g) Chocolate",
        "action_flag": 1,
        "change_message": "[{\"added\": {}}]"
    }
},
{
    "model": "admin.logentry",
    "pk": 32,
    "fields": {
        "action_time": "2023-07-02T21:39:23.008Z",
        "user": 1,
        "content_type": 14,
        "object_id": "17",
        "object_repr": "Whey Protein Natural - Battery 800g",
        "action_flag": 1,
        "change_message": "[{\"added\": {}}]"
    }
},
{
    "model": "admin.logentry",
    "pk": 33,
    "fields": {
        "action_time": "2023-07-02T21:41:09.996Z",
        "user": 1,
        "content_type": 14,
        "object_id": "18",
        "object_repr": "Evox 100% Whey Protein Advanced – 2kg",
        "action_flag": 1,
        "change_message": "[{\"added\": {}}]"
    }
},
{
    "model": "admin.logentry",
    "pk": 34,
    "fields": {
        "action_time": "2023-07-02T21:42:15.116Z",
        "user": 1,
        "content_type": 14,
        "object_id": "16",
        "object_repr": "Fit Pro Whey Protein (1000g) Chocolate",
        "action_flag": 3,
        "change_message": ""
    }
},
{
    "model": "admin.logentry",
    "pk": 35,
    "fields": {
        "action_time": "2023-07-02T21:43:43.433Z",
        "user": 1,
        "content_type": 14,
        "object_id": "19",
        "object_repr": "Premium Whey Concentrate & Isolate",
        "action_flag": 1,
        "change_message": "[{\"added\": {}}]"
    }
},
{
    "model": "admin.logentry",
    "pk": 36,
    "fields": {
        "action_time": "2023-07-02T21:47:46.208Z",
        "user": 1,
        "content_type": 14,
        "object_id": "20",
        "object_repr": "Whey Protein Concentrate Pot (900G) - Cookies Flavor, Dux Nutrition",
        "action_flag": 1,
        "change_message": "[{\"added\": {}}]"
    }
},
{
    "model": "admin.logentry",
    "pk": 37,
    "fields": {
        "action_time": "2023-07-02T21:48:27.222Z",
        "user": 1,
        "content_type": 14,
        "object_id": "20",
        "object_repr": "Whey Protein Concentrate Pot (900G) - Cookies Flavor, Dux Nutrition",
        "action_flag": 3,
        "change_message": ""
    }
},
{
    "model": "admin.logentry",
    "pk": 38,
    "fields": {
        "action_time": "2023-07-02T21:50:16.772Z",
        "user": 1,
        "content_type": 14,
        "object_id": "21",
        "object_repr": "DARKWHEY whey protein concentrate",
        "action_flag": 1,
        "change_message": "[{\"added\": {}}]"
    }
},
{
    "model": "admin.logentry",
    "pk": 39,
    "fields": {
        "action_time": "2023-07-02T21:53:42.075Z",
        "user": 1,
        "content_type": 14,
        "object_id": "22",
        "object_repr": "Vegan Protein Blend - 250g",
        "action_flag": 1,
        "change_message": "[{\"added\": {}}]"
    }
},
{
    "model": "admin.logentry",
    "pk": 40,
    "fields": {
        "action_time": "2023-07-02T21:54:46.501Z",
        "user": 1,
        "content_type": 14,
        "object_id": "23",
        "object_repr": "Inside Nutrition Vegan Protein Powder Classic Vanilla 1Kg",
        "action_flag": 1,
        "change_message": "[{\"added\": {}}]"
    }
},
{
    "model": "admin.logentry",
    "pk": 41,
    "fields": {
        "action_time": "2023-07-02T21:57:09.851Z",
        "user": 1,
        "content_type": 14,
        "object_id": "24",
        "object_repr": "Vegan protein 450g - mixed berries flavour",
        "action_flag": 1,
        "change_message": "[{\"added\": {}}]"
    }
},
{
    "model": "admin.logentry",
    "pk": 42,
    "fields": {
        "action_time": "2023-07-02T21:58:59.537Z",
        "user": 1,
        "content_type": 14,
        "object_id": "25",
        "object_repr": "Vegan protein chocolate/hazelnut 900 g",
        "action_flag": 1,
        "change_message": "[{\"added\": {}}]"
    }
},
{
    "model": "admin.logentry",
    "pk": 43,
    "fields": {
        "action_time": "2023-07-02T22:01:44.672Z",
        "user": 1,
        "content_type": 14,
        "object_id": "26",
        "object_repr": "Obvi, Super Collagen Protein, Entenmann's, 13.54 oz (384 g)",
        "action_flag": 1,
        "change_message": "[{\"added\": {}}]"
    }
},
{
    "model": "admin.logentry",
    "pk": 44,
    "fields": {
        "action_time": "2023-07-02T22:04:23.418Z",
        "user": 1,
        "content_type": 14,
        "object_id": "27",
        "object_repr": "Collagen Protein Neutral Flavour 450 G",
        "action_flag": 1,
        "change_message": "[{\"added\": {}}]"
    }
},
{
    "model": "admin.logentry",
    "pk": 45,
    "fields": {
        "action_time": "2023-07-02T22:05:31.458Z",
        "user": 1,
        "content_type": 14,
        "object_id": "28",
        "object_repr": "Collagen Protein - 1kg",
        "action_flag": 1,
        "change_message": "[{\"added\": {}}]"
    }
},
{
    "model": "admin.logentry",
    "pk": 46,
    "fields": {
        "action_time": "2023-07-02T22:06:09.389Z",
        "user": 1,
        "content_type": 14,
        "object_id": "27",
        "object_repr": "Collagen Protein Neutral Flavour 450 G",
        "action_flag": 3,
        "change_message": ""
    }
},
{
    "model": "admin.logentry",
    "pk": 47,
    "fields": {
        "action_time": "2023-07-02T22:07:27.340Z",
        "user": 1,
        "content_type": 14,
        "object_id": "29",
        "object_repr": "Clear Collagen Powder",
        "action_flag": 1,
        "change_message": "[{\"added\": {}}]"
    }
},
{
    "model": "admin.logentry",
    "pk": 48,
    "fields": {
        "action_time": "2023-07-02T22:10:59.134Z",
        "user": 1,
        "content_type": 14,
        "object_id": "30",
        "object_repr": "BikiniBod Collagen Protein",
        "action_flag": 1,
        "change_message": "[{\"added\": {}}]"
    }
},
{
    "model": "admin.logentry",
    "pk": 49,
    "fields": {
        "action_time": "2023-07-02T22:16:11.956Z",
        "user": 1,
        "content_type": 14,
        "object_id": "31",
        "object_repr": "Creatine Monohydrate 300 G-CHERRY/OV",
        "action_flag": 1,
        "change_message": "[{\"added\": {}}]"
    }
},
{
    "model": "admin.logentry",
    "pk": 50,
    "fields": {
        "action_time": "2023-07-02T22:18:03.459Z",
        "user": 1,
        "content_type": 14,
        "object_id": "32",
        "object_repr": "Creatine 100% Monohydrate 300G - TREC NUTRITION",
        "action_flag": 1,
        "change_message": "[{\"added\": {}}]"
    }
},
{
    "model": "admin.logentry",
    "pk": 51,
    "fields": {
        "action_time": "2023-07-02T22:19:02.782Z",
        "user": 1,
        "content_type": 14,
        "object_id": "33",
        "object_repr": "Creatine Monohydrate Powder",
        "action_flag": 1,
        "change_message": "[{\"added\": {}}]"
    }
},
{
    "model": "admin.logentry",
    "pk": 52,
    "fields": {
        "action_time": "2023-07-02T22:20:36.797Z",
        "user": 1,
        "content_type": 14,
        "object_id": "34",
        "object_repr": "Creatine Mono 300G",
        "action_flag": 1,
        "change_message": "[{\"added\": {}}]"
    }
},
{
    "model": "admin.logentry",
    "pk": 53,
    "fields": {
        "action_time": "2023-07-02T22:22:21.524Z",
        "user": 1,
        "content_type": 14,
        "object_id": "35",
        "object_repr": "Creatine Monohydrate Muscle Recovery",
        "action_flag": 1,
        "change_message": "[{\"added\": {}}]"
    }
},
{
    "model": "admin.logentry",
    "pk": 54,
    "fields": {
        "action_time": "2023-07-02T22:23:03.641Z",
        "user": 1,
        "content_type": 14,
        "object_id": "34",
        "object_repr": "Creatine Mono 300G",
        "action_flag": 3,
        "change_message": ""
    }
},
{
    "model": "admin.logentry",
    "pk": 55,
    "fields": {
        "action_time": "2023-07-02T22:24:12.115Z",
        "user": 1,
        "content_type": 14,
        "object_id": "36",
        "object_repr": "Jacked Factory Pure Creatine Monohydrate Powder Unflavoured, 85 Servings",
        "action_flag": 1,
        "change_message": "[{\"added\": {}}]"
    }
},
{
    "model": "admin.logentry",
    "pk": 56,
    "fields": {
        "action_time": "2023-07-03T08:39:30.692Z",
        "user": 1,
        "content_type": 14,
        "object_id": "37",
        "object_repr": "Pre-Workout (195GMS) - MAXN",
        "action_flag": 1,
        "change_message": "[{\"added\": {}}]"
    }
},
{
    "model": "admin.logentry",
    "pk": 57,
    "fields": {
        "action_time": "2023-07-03T08:40:58.874Z",
        "user": 1,
        "content_type": 14,
        "object_id": "38",
        "object_repr": "MuscleBlaze Pre Workout 200",
        "action_flag": 1,
        "change_message": "[{\"added\": {}}]"
    }
},
{
    "model": "admin.logentry",
    "pk": 58,
    "fields": {
        "action_time": "2023-07-03T08:46:19.667Z",
        "user": 1,
        "content_type": 14,
        "object_id": "39",
        "object_repr": "Mr. Hyde Signature Pre Workout",
        "action_flag": 1,
        "change_message": "[{\"added\": {}}]"
    }
},
{
    "model": "admin.logentry",
    "pk": 59,
    "fields": {
        "action_time": "2023-07-03T08:47:17.934Z",
        "user": 1,
        "content_type": 14,
        "object_id": "40",
        "object_repr": "Alpha Pre-Workout",
        "action_flag": 1,
        "change_message": "[{\"added\": {}}]"
    }
},
{
    "model": "admin.logentry",
    "pk": 60,
    "fields": {
        "action_time": "2023-07-03T09:00:33.026Z",
        "user": 1,
        "content_type": 14,
        "object_id": "41",
        "object_repr": "Optimum Nutrition Serious Mass - 5450g",
        "action_flag": 1,
        "change_message": "[{\"added\": {}}]"
    }
},
{
    "model": "admin.logentry",
    "pk": 61,
    "fields": {
        "action_time": "2023-07-03T09:02:14.750Z",
        "user": 1,
        "content_type": 14,
        "object_id": "42",
        "object_repr": "Kevin Levrone Anabolic Mass Gainer – 7kg",
        "action_flag": 1,
        "change_message": "[{\"added\": {}}]"
    }
},
{
    "model": "admin.logentry",
    "pk": 62,
    "fields": {
        "action_time": "2023-07-03T09:10:35.040Z",
        "user": 1,
        "content_type": 14,
        "object_id": "43",
        "object_repr": "Kevin Levrone Anabolic Mass - 3kg",
        "action_flag": 1,
        "change_message": "[{\"added\": {}}]"
    }
},
{
    "model": "admin.logentry",
    "pk": 63,
    "fields": {
        "action_time": "2023-07-03T09:11:59.746Z",
        "user": 1,
        "content_type": 14,
        "object_id": "44",
        "object_repr": "Dymatize Super Mass Gainer",
        "action_flag": 1,
        "change_message": "[{\"added\": {}}]"
    }
},
{
    "model": "admin.logentry",
    "pk": 64,
    "fields": {
        "action_time": "2023-07-03T09:13:02.318Z",
        "user": 1,
        "content_type": 14,
        "object_id": "45",
        "object_repr": "Weight Gainer - Vanilla Ice Cream - 3 lb.",
        "action_flag": 1,
        "change_message": "[{\"added\": {}}]"
    }
},
{
    "model": "admin.logentry",
    "pk": 65,
    "fields": {
        "action_time": "2023-07-03T09:15:47.784Z",
        "user": 1,
        "content_type": 14,
        "object_id": "46",
        "object_repr": "Weight & Mass Gainer Blend",
        "action_flag": 1,
        "change_message": "[{\"added\": {}}]"
    }
},
{
    "model": "admin.logentry",
    "pk": 66,
    "fields": {
        "action_time": "2023-07-03T09:16:47.206Z",
        "user": 1,
        "content_type": 14,
        "object_id": "42",
        "object_repr": "Kevin Levrone Anabolic Mass Gainer – 7kg",
        "action_flag": 3,
        "change_message": ""
    }
},
{
    "model": "admin.logentry",
    "pk": 67,
    "fields": {
        "action_time": "2023-07-03T09:35:41.892Z",
        "user": 1,
        "content_type": 14,
        "object_id": "47",
        "object_repr": "Burn Belly Fat ™",
        "action_flag": 1,
        "change_message": "[{\"added\": {}}]"
    }
},
{
    "model": "admin.logentry",
    "pk": 68,
    "fields": {
        "action_time": "2023-07-03T09:38:44.187Z",
        "user": 1,
        "content_type": 14,
        "object_id": "48",
        "object_repr": "The Thermo-X",
        "action_flag": 1,
        "change_message": "[{\"added\": {}}]"
    }
},
{
    "model": "admin.logentry",
    "pk": 69,
    "fields": {
        "action_time": "2023-07-03T09:39:46.471Z",
        "user": 1,
        "content_type": 14,
        "object_id": "49",
        "object_repr": "Impact Diet Whey",
        "action_flag": 1,
        "change_message": "[{\"added\": {}}]"
    }
},
{
    "model": "admin.logentry",
    "pk": 70,
    "fields": {
        "action_time": "2023-07-03T09:47:30.412Z",
        "user": 1,
        "content_type": 14,
        "object_id": "50",
        "object_repr": "LeanMode (Capsules)",
        "action_flag": 1,
        "change_message": "[{\"added\": {}}]"
    }
},
{
    "model": "admin.logentry",
    "pk": 71,
    "fields": {
        "action_time": "2023-07-03T10:03:25.094Z",
        "user": 1,
        "content_type": 14,
        "object_id": "51",
        "object_repr": "Musashi High Protein Bar Cookies And Cream 90g",
        "action_flag": 1,
        "change_message": "[{\"added\": {}}]"
    }
},
{
    "model": "admin.logentry",
    "pk": 72,
    "fields": {
        "action_time": "2023-07-03T10:04:55.165Z",
        "user": 1,
        "content_type": 14,
        "object_id": "52",
        "object_repr": "Chocolate Peanut & Caramel Flavour Protein Bar 55g Harvest Morn",
        "action_flag": 1,
        "change_message": "[{\"added\": {}}]"
    }
},
{
    "model": "admin.logentry",
    "pk": 73,
    "fields": {
        "action_time": "2023-07-03T10:10:05.356Z",
        "user": 1,
        "content_type": 14,
        "object_id": "53",
        "object_repr": "Fulfil Vitamin and Protein Bar – Chocolate Salted Caramel Flavor, 55g",
        "action_flag": 1,
        "change_message": "[{\"added\": {}}]"
    }
},
{
    "model": "admin.logentry",
    "pk": 74,
    "fields": {
        "action_time": "2023-07-03T10:11:03.897Z",
        "user": 1,
        "content_type": 14,
        "object_id": "54",
        "object_repr": "Fulfil Chocolate Caramel Protein Bar 55g",
        "action_flag": 1,
        "change_message": "[{\"added\": {}}]"
    }
},
{
    "model": "admin.logentry",
    "pk": 75,
    "fields": {
        "action_time": "2023-07-03T11:17:29.918Z",
        "user": 1,
        "content_type": 14,
        "object_id": "2",
        "object_repr": "THE Whey - My Protein",
        "action_flag": 2,
        "change_message": "[{\"changed\": {\"fields\": [\"Image\"]}}]"
    }
},
{
    "model": "admin.logentry",
    "pk": 76,
    "fields": {
        "action_time": "2023-07-03T11:32:26.914Z",
        "user": 1,
        "content_type": 14,
        "object_id": "13",
        "object_repr": "SO NUTRITION - Whey Isolate Zero 454g",
        "action_flag": 2,
        "change_message": "[{\"changed\": {\"fields\": [\"Name\"]}}]"
    }
},
{
    "model": "admin.logentry",
    "pk": 77,
    "fields": {
        "action_time": "2023-07-03T11:33:41.697Z",
        "user": 1,
        "content_type": 14,
        "object_id": "13",
        "object_repr": "SO NUTRITION - Whey Isolate Zero 454g",
        "action_flag": 2,
        "change_message": "[{\"changed\": {\"fields\": [\"Description\"]}}]"
    }
},
{
    "model": "admin.logentry",
    "pk": 78,
    "fields": {
        "action_time": "2023-07-03T15:35:30.718Z",
        "user": 1,
        "content_type": 13,
        "object_id": "4",
        "object_repr": "collagen_protein",
        "action_flag": 2,
        "change_message": "[{\"changed\": {\"fields\": [\"Name\", \"Friendly name\"]}}]"
    }
},
{
    "model": "admin.logentry",
    "pk": 79,
    "fields": {
        "action_time": "2023-07-05T11:22:19.413Z",
        "user": 1,
        "content_type": 14,
        "object_id": "21",
        "object_repr": "DARKWHEY whey protein concentrate",
        "action_flag": 2,
        "change_message": "[{\"changed\": {\"fields\": [\"Weight\"]}}]"
    }
},
{
    "model": "admin.logentry",
    "pk": 80,
    "fields": {
        "action_time": "2023-07-05T11:22:28.567Z",
        "user": 1,
        "content_type": 14,
        "object_id": "17",
        "object_repr": "Whey Protein Natural - Battery 800g",
        "action_flag": 2,
        "change_message": "[{\"changed\": {\"fields\": [\"Weight\"]}}]"
    }
},
{
    "model": "admin.logentry",
    "pk": 81,
    "fields": {
        "action_time": "2023-07-05T11:22:35.921Z",
        "user": 1,
        "content_type": 14,
        "object_id": "15",
        "object_repr": "Pea Protein Isolate 1kg",
        "action_flag": 2,
        "change_message": "[{\"changed\": {\"fields\": [\"Weight\"]}}]"
    }
},
{
    "model": "admin.logentry",
    "pk": 82,
    "fields": {
        "action_time": "2023-07-05T11:22:43.865Z",
        "user": 1,
        "content_type": 14,
        "object_id": "13",
        "object_repr": "SO NUTRITION - Whey Isolate Zero 454g",
        "action_flag": 2,
        "change_message": "[{\"changed\": {\"fields\": [\"Weight\"]}}]"
    }
},
{
    "model": "admin.logentry",
    "pk": 83,
    "fields": {
        "action_time": "2023-07-05T11:22:52.807Z",
        "user": 1,
        "content_type": 14,
        "object_id": "26",
        "object_repr": "Obvi, Super Collagen Protein, Entenmann's, 13.54 oz (384 g)",
        "action_flag": 2,
        "change_message": "[{\"changed\": {\"fields\": [\"Weight\"]}}]"
    }
},
{
    "model": "admin.logentry",
    "pk": 84,
    "fields": {
        "action_time": "2023-07-05T11:22:59.515Z",
        "user": 1,
        "content_type": 14,
        "object_id": "28",
        "object_repr": "Collagen Protein - 1kg",
        "action_flag": 2,
        "change_message": "[{\"changed\": {\"fields\": [\"Weight\"]}}]"
    }
},
{
    "model": "admin.logentry",
    "pk": 85,
    "fields": {
        "action_time": "2023-07-05T11:23:09.446Z",
        "user": 1,
        "content_type": 14,
        "object_id": "29",
        "object_repr": "Clear Collagen Powder",
        "action_flag": 2,
        "change_message": "[{\"changed\": {\"fields\": [\"Weight\"]}}]"
    }
},
{
    "model": "admin.logentry",
    "pk": 86,
    "fields": {
        "action_time": "2023-07-05T11:23:22.112Z",
        "user": 1,
        "content_type": 14,
        "object_id": "30",
        "object_repr": "BikiniBod Collagen Protein",
        "action_flag": 2,
        "change_message": "[{\"changed\": {\"fields\": [\"Weight\"]}}]"
    }
},
{
    "model": "admin.logentry",
    "pk": 87,
    "fields": {
        "action_time": "2023-07-05T11:23:36.243Z",
        "user": 1,
        "content_type": 14,
        "object_id": "31",
        "object_repr": "Creatine Monohydrate 300 G-CHERRY/OV",
        "action_flag": 2,
        "change_message": "[{\"changed\": {\"fields\": [\"Weight\"]}}]"
    }
},
{
    "model": "admin.logentry",
    "pk": 88,
    "fields": {
        "action_time": "2023-07-05T11:23:42.939Z",
        "user": 1,
        "content_type": 14,
        "object_id": "32",
        "object_repr": "Creatine 100% Monohydrate 300G - TREC NUTRITION",
        "action_flag": 2,
        "change_message": "[{\"changed\": {\"fields\": [\"Weight\"]}}]"
    }
},
{
    "model": "admin.logentry",
    "pk": 89,
    "fields": {
        "action_time": "2023-07-05T11:23:50.797Z",
        "user": 1,
        "content_type": 14,
        "object_id": "33",
        "object_repr": "Creatine Monohydrate Powder",
        "action_flag": 2,
        "change_message": "[{\"changed\": {\"fields\": [\"Weight\"]}}]"
    }
},
{
    "model": "admin.logentry",
    "pk": 90,
    "fields": {
        "action_time": "2023-07-05T11:24:03.493Z",
        "user": 1,
        "content_type": 14,
        "object_id": "35",
        "object_repr": "Creatine Monohydrate Muscle Recovery",
        "action_flag": 2,
        "change_message": "[{\"changed\": {\"fields\": [\"Weight\"]}}]"
    }
},
{
    "model": "admin.logentry",
    "pk": 91,
    "fields": {
        "action_time": "2023-07-05T11:24:10.058Z",
        "user": 1,
        "content_type": 14,
        "object_id": "35",
        "object_repr": "Creatine Monohydrate Muscle Recovery",
        "action_flag": 2,
        "change_message": "[]"
    }
},
{
    "model": "admin.logentry",
    "pk": 92,
    "fields": {
        "action_time": "2023-07-05T11:24:43.622Z",
        "user": 1,
        "content_type": 14,
        "object_id": "36",
        "object_repr": "Jacked Factory Pure Creatine Monohydrate Powder Unflavoured, 85 Servings",
        "action_flag": 2,
        "change_message": "[{\"changed\": {\"fields\": [\"Weight\"]}}]"
    }
},
{
    "model": "admin.logentry",
    "pk": 93,
    "fields": {
        "action_time": "2023-07-05T11:24:58.788Z",
        "user": 1,
        "content_type": 14,
        "object_id": "10",
        "object_repr": "Applied Nutrition Clear Whey Isolate 875g",
        "action_flag": 2,
        "change_message": "[{\"changed\": {\"fields\": [\"Weight\"]}}]"
    }
},
{
    "model": "admin.logentry",
    "pk": 94,
    "fields": {
        "action_time": "2023-07-05T11:25:06.350Z",
        "user": 1,
        "content_type": 14,
        "object_id": "11",
        "object_repr": "Impact Whey Isolate - 500g",
        "action_flag": 2,
        "change_message": "[{\"changed\": {\"fields\": [\"Weight\"]}}]"
    }
},
{
    "model": "admin.logentry",
    "pk": 95,
    "fields": {
        "action_time": "2023-07-05T11:25:12.808Z",
        "user": 1,
        "content_type": 14,
        "object_id": "12",
        "object_repr": "Optimum Nutrition Gold Standard Whey Isolate 930g",
        "action_flag": 2,
        "change_message": "[{\"changed\": {\"fields\": [\"Weight\"]}}]"
    }
},
{
    "model": "admin.logentry",
    "pk": 96,
    "fields": {
        "action_time": "2023-07-05T11:25:16.860Z",
        "user": 1,
        "content_type": 14,
        "object_id": "13",
        "object_repr": "SO NUTRITION - Whey Isolate Zero 454g",
        "action_flag": 2,
        "change_message": "[]"
    }
},
{
    "model": "admin.logentry",
    "pk": 97,
    "fields": {
        "action_time": "2023-07-05T11:25:27.918Z",
        "user": 1,
        "content_type": 14,
        "object_id": "14",
        "object_repr": "Whey Isolate 100 % - EnergyBody",
        "action_flag": 2,
        "change_message": "[{\"changed\": {\"fields\": [\"Weight\"]}}]"
    }
},
{
    "model": "admin.logentry",
    "pk": 98,
    "fields": {
        "action_time": "2023-07-05T11:25:38.124Z",
        "user": 1,
        "content_type": 14,
        "object_id": "11",
        "object_repr": "Impact Whey Isolate - 500g",
        "action_flag": 2,
        "change_message": "[]"
    }
},
{
    "model": "admin.logentry",
    "pk": 99,
    "fields": {
        "action_time": "2023-07-05T11:25:44.180Z",
        "user": 1,
        "content_type": 14,
        "object_id": "15",
        "object_repr": "Pea Protein Isolate 1kg",
        "action_flag": 2,
        "change_message": "[]"
    }
},
{
    "model": "admin.logentry",
    "pk": 100,
    "fields": {
        "action_time": "2023-07-05T11:25:52.127Z",
        "user": 1,
        "content_type": 14,
        "object_id": "51",
        "object_repr": "Musashi High Protein Bar Cookies And Cream 90g",
        "action_flag": 2,
        "change_message": "[{\"changed\": {\"fields\": [\"Weight\"]}}]"
    }
},
{
    "model": "admin.logentry",
    "pk": 101,
    "fields": {
        "action_time": "2023-07-05T11:25:58.488Z",
        "user": 1,
        "content_type": 14,
        "object_id": "52",
        "object_repr": "Chocolate Peanut & Caramel Flavour Protein Bar 55g Harvest Morn",
        "action_flag": 2,
        "change_message": "[{\"changed\": {\"fields\": [\"Weight\"]}}]"
    }
},
{
    "model": "admin.logentry",
    "pk": 102,
    "fields": {
        "action_time": "2023-07-05T11:26:05.264Z",
        "user": 1,
        "content_type": 14,
        "object_id": "53",
        "object_repr": "Fulfil Vitamin and Protein Bar – Chocolate Salted Caramel Flavor, 55g",
        "action_flag": 2,
        "change_message": "[{\"changed\": {\"fields\": [\"Weight\"]}}]"
    }
},
{
    "model": "admin.logentry",
    "pk": 103,
    "fields": {
        "action_time": "2023-07-05T11:26:11.326Z",
        "user": 1,
        "content_type": 14,
        "object_id": "54",
        "object_repr": "Fulfil Chocolate Caramel Protein Bar 55g",
        "action_flag": 2,
        "change_message": "[{\"changed\": {\"fields\": [\"Weight\"]}}]"
    }
},
{
    "model": "admin.logentry",
    "pk": 104,
    "fields": {
        "action_time": "2023-07-05T11:26:40.066Z",
        "user": 1,
        "content_type": 14,
        "object_id": "37",
        "object_repr": "Pre-Workout (195GMS) - MAXN",
        "action_flag": 2,
        "change_message": "[{\"changed\": {\"fields\": [\"Weight\"]}}]"
    }
},
{
    "model": "admin.logentry",
    "pk": 105,
    "fields": {
        "action_time": "2023-07-05T11:26:54.953Z",
        "user": 1,
        "content_type": 14,
        "object_id": "38",
        "object_repr": "MuscleBlaze Pre Workout 200",
        "action_flag": 2,
        "change_message": "[{\"changed\": {\"fields\": [\"Weight\"]}}]"
    }
},
{
    "model": "admin.logentry",
    "pk": 106,
    "fields": {
        "action_time": "2023-07-05T11:27:10.092Z",
        "user": 1,
        "content_type": 14,
        "object_id": "39",
        "object_repr": "Mr. Hyde Signature Pre Workout",
        "action_flag": 2,
        "change_message": "[{\"changed\": {\"fields\": [\"Weight\"]}}]"
    }
},
{
    "model": "admin.logentry",
    "pk": 107,
    "fields": {
        "action_time": "2023-07-05T11:27:46.799Z",
        "user": 1,
        "content_type": 14,
        "object_id": "40",
        "object_repr": "Alpha Pre-Workout",
        "action_flag": 2,
        "change_message": "[{\"changed\": {\"fields\": [\"Weight\"]}}]"
    }
},
{
    "model": "admin.logentry",
    "pk": 108,
    "fields": {
        "action_time": "2023-07-05T11:27:54.504Z",
        "user": 1,
        "content_type": 14,
        "object_id": "22",
        "object_repr": "Vegan Protein Blend - 250g",
        "action_flag": 2,
        "change_message": "[{\"changed\": {\"fields\": [\"Weight\"]}}]"
    }
},
{
    "model": "admin.logentry",
    "pk": 109,
    "fields": {
        "action_time": "2023-07-05T11:28:02.479Z",
        "user": 1,
        "content_type": 14,
        "object_id": "23",
        "object_repr": "Inside Nutrition Vegan Protein Powder Classic Vanilla 1Kg",
        "action_flag": 2,
        "change_message": "[{\"changed\": {\"fields\": [\"Weight\"]}}]"
    }
},
{
    "model": "admin.logentry",
    "pk": 110,
    "fields": {
        "action_time": "2023-07-05T11:28:09.472Z",
        "user": 1,
        "content_type": 14,
        "object_id": "24",
        "object_repr": "Vegan protein 450g - mixed berries flavour",
        "action_flag": 2,
        "change_message": "[{\"changed\": {\"fields\": [\"Weight\"]}}]"
    }
},
{
    "model": "admin.logentry",
    "pk": 111,
    "fields": {
        "action_time": "2023-07-05T11:28:16.461Z",
        "user": 1,
        "content_type": 14,
        "object_id": "25",
        "object_repr": "Vegan protein chocolate/hazelnut 900 g",
        "action_flag": 2,
        "change_message": "[{\"changed\": {\"fields\": [\"Weight\"]}}]"
    }
},
{
    "model": "admin.logentry",
    "pk": 112,
    "fields": {
        "action_time": "2023-07-05T11:28:36.888Z",
        "user": 1,
        "content_type": 14,
        "object_id": "41",
        "object_repr": "Optimum Nutrition Serious Mass - 5450g",
        "action_flag": 2,
        "change_message": "[{\"changed\": {\"fields\": [\"Weight\"]}}]"
    }
},
{
    "model": "admin.logentry",
    "pk": 113,
    "fields": {
        "action_time": "2023-07-05T11:28:44.761Z",
        "user": 1,
        "content_type": 14,
        "object_id": "43",
        "object_repr": "Kevin Levrone Anabolic Mass - 3kg",
        "action_flag": 2,
        "change_message": "[{\"changed\": {\"fields\": [\"Weight\"]}}]"
    }
},
{
    "model": "admin.logentry",
    "pk": 114,
    "fields": {
        "action_time": "2023-07-05T11:29:04.866Z",
        "user": 1,
        "content_type": 14,
        "object_id": "44",
        "object_repr": "Dymatize Super Mass Gainer",
        "action_flag": 2,
        "change_message": "[{\"changed\": {\"fields\": [\"Weight\"]}}]"
    }
},
{
    "model": "admin.logentry",
    "pk": 115,
    "fields": {
        "action_time": "2023-07-05T11:29:38.601Z",
        "user": 1,
        "content_type": 14,
        "object_id": "1",
        "object_repr": "Optimum Nutrition Hydro Whey Platinum 1.6kg",
        "action_flag": 2,
        "change_message": "[{\"changed\": {\"fields\": [\"Weight\", \"Price\"]}}]"
    }
},
{
    "model": "admin.logentry",
    "pk": 116,
    "fields": {
        "action_time": "2023-07-05T11:30:03.458Z",
        "user": 1,
        "content_type": 14,
        "object_id": "2",
        "object_repr": "THE Whey - My Protein",
        "action_flag": 2,
        "change_message": "[{\"changed\": {\"fields\": [\"Weight\"]}}]"
    }
},
{
    "model": "admin.logentry",
    "pk": 117,
    "fields": {
        "action_time": "2023-07-05T11:30:14.068Z",
        "user": 1,
        "content_type": 14,
        "object_id": "3",
        "object_repr": "Impact Whey Protein - 2.5kg",
        "action_flag": 2,
        "change_message": "[{\"changed\": {\"fields\": [\"Weight\"]}}]"
    }
},
{
    "model": "admin.logentry",
    "pk": 118,
    "fields": {
        "action_time": "2023-07-05T11:30:34.990Z",
        "user": 1,
        "content_type": 14,
        "object_id": "4",
        "object_repr": "Whey Protein - Helltech 2270g",
        "action_flag": 2,
        "change_message": "[{\"changed\": {\"fields\": [\"Weight\"]}}]"
    }
},
{
    "model": "admin.logentry",
    "pk": 119,
    "fields": {
        "action_time": "2023-07-05T11:30:54.238Z",
        "user": 1,
        "content_type": 14,
        "object_id": "22",
        "object_repr": "Vegan Protein Blend - 250g",
        "action_flag": 2,
        "change_message": "[]"
    }
},
{
    "model": "admin.logentry",
    "pk": 120,
    "fields": {
        "action_time": "2023-07-05T11:31:16.129Z",
        "user": 1,
        "content_type": 14,
        "object_id": "45",
        "object_repr": "Weight Gainer - Vanilla Ice Cream - 3 lb.",
        "action_flag": 2,
        "change_message": "[{\"changed\": {\"fields\": [\"Weight\"]}}]"
    }
},
{
    "model": "admin.logentry",
    "pk": 121,
    "fields": {
        "action_time": "2023-07-05T11:32:00.999Z",
        "user": 1,
        "content_type": 14,
        "object_id": "46",
        "object_repr": "Weight & Mass Gainer Blend",
        "action_flag": 2,
        "change_message": "[{\"changed\": {\"fields\": [\"Weight\"]}}]"
    }
},
{
    "model": "admin.logentry",
    "pk": 122,
    "fields": {
        "action_time": "2023-07-05T11:32:10.636Z",
        "user": 1,
        "content_type": 14,
        "object_id": "1",
        "object_repr": "Optimum Nutrition Hydro Whey Platinum 1.6kg",
        "action_flag": 2,
        "change_message": "[]"
    }
},
{
    "model": "admin.logentry",
    "pk": 123,
    "fields": {
        "action_time": "2023-07-05T11:32:18.804Z",
        "user": 1,
        "content_type": 14,
        "object_id": "2",
        "object_repr": "THE Whey - My Protein",
        "action_flag": 2,
        "change_message": "[]"
    }
},
{
    "model": "admin.logentry",
    "pk": 124,
    "fields": {
        "action_time": "2023-07-05T11:32:25.213Z",
        "user": 1,
        "content_type": 14,
        "object_id": "3",
        "object_repr": "Impact Whey Protein - 2.5kg",
        "action_flag": 2,
        "change_message": "[]"
    }
},
{
    "model": "admin.logentry",
    "pk": 125,
    "fields": {
        "action_time": "2023-07-05T11:32:30.995Z",
        "user": 1,
        "content_type": 14,
        "object_id": "4",
        "object_repr": "Whey Protein - Helltech 2270g",
        "action_flag": 2,
        "change_message": "[]"
    }
},
{
    "model": "admin.logentry",
    "pk": 126,
    "fields": {
        "action_time": "2023-07-05T11:32:41.705Z",
        "user": 1,
        "content_type": 14,
        "object_id": "5",
        "object_repr": "3Whey Protein - Sharkpro 900g",
        "action_flag": 2,
        "change_message": "[{\"changed\": {\"fields\": [\"Weight\"]}}]"
    }
},
{
    "model": "admin.logentry",
    "pk": 127,
    "fields": {
        "action_time": "2023-07-05T11:32:52.804Z",
        "user": 1,
        "content_type": 14,
        "object_id": "6",
        "object_repr": "Power Whey Complex - BioX - 2.27kg",
        "action_flag": 2,
        "change_message": "[{\"changed\": {\"fields\": [\"Weight\"]}}]"
    }
},
{
    "model": "admin.logentry",
    "pk": 128,
    "fields": {
        "action_time": "2023-07-05T11:33:14.485Z",
        "user": 1,
        "content_type": 14,
        "object_id": "7",
        "object_repr": "100% Whey Protein Powder",
        "action_flag": 2,
        "change_message": "[{\"changed\": {\"fields\": [\"Weight\"]}}]"
    }
},
{
    "model": "admin.logentry",
    "pk": 129,
    "fields": {
        "action_time": "2023-07-05T11:33:22.991Z",
        "user": 1,
        "content_type": 14,
        "object_id": "8",
        "object_repr": "Whey protein 500g - chocolate",
        "action_flag": 2,
        "change_message": "[{\"changed\": {\"fields\": [\"Weight\"]}}]"
    }
},
{
    "model": "admin.logentry",
    "pk": 130,
    "fields": {
        "action_time": "2023-07-05T11:33:40.491Z",
        "user": 1,
        "content_type": 14,
        "object_id": "19",
        "object_repr": "Premium Whey Concentrate & Isolate",
        "action_flag": 2,
        "change_message": "[{\"changed\": {\"fields\": [\"Weight\"]}}]"
    }
},
{
    "model": "admin.logentry",
    "pk": 131,
    "fields": {
        "action_time": "2023-07-05T11:33:50.213Z",
        "user": 1,
        "content_type": 14,
        "object_id": "18",
        "object_repr": "Evox 100% Whey Protein Advanced – 2kg",
        "action_flag": 2,
        "change_message": "[{\"changed\": {\"fields\": [\"Weight\"]}}]"
    }
},
{
    "model": "admin.logentry",
    "pk": 132,
    "fields": {
        "action_time": "2023-07-05T11:34:10.988Z",
        "user": 1,
        "content_type": 14,
        "object_id": "21",
        "object_repr": "DARKWHEY whey protein concentrate",
        "action_flag": 2,
        "change_message": "[{\"changed\": {\"fields\": [\"Price\"]}}]"
    }
},
{
    "model": "admin.logentry",
    "pk": 133,
    "fields": {
        "action_time": "2023-07-05T11:35:20.699Z",
        "user": 1,
        "content_type": 14,
        "object_id": "47",
        "object_repr": "Burn Belly Fat ™",
        "action_flag": 2,
        "change_message": "[{\"changed\": {\"fields\": [\"Weight\"]}}]"
    }
},
{
    "model": "admin.logentry",
    "pk": 134,
    "fields": {
        "action_time": "2023-07-05T11:35:47.356Z",
        "user": 1,
        "content_type": 14,
        "object_id": "48",
        "object_repr": "The Thermo-X",
        "action_flag": 2,
        "change_message": "[{\"changed\": {\"fields\": [\"Weight\"]}}]"
    }
},
{
    "model": "admin.logentry",
    "pk": 135,
    "fields": {
        "action_time": "2023-07-05T11:36:13.614Z",
        "user": 1,
        "content_type": 14,
        "object_id": "49",
        "object_repr": "Impact Diet Whey",
        "action_flag": 2,
        "change_message": "[{\"changed\": {\"fields\": [\"Weight\"]}}]"
    }
},
{
    "model": "admin.logentry",
    "pk": 136,
    "fields": {
        "action_time": "2023-07-05T11:36:22.151Z",
        "user": 1,
        "content_type": 14,
        "object_id": "50",
        "object_repr": "LeanMode (Capsules)",
        "action_flag": 2,
        "change_message": "[{\"changed\": {\"fields\": [\"Weight\"]}}]"
    }
},
{
    "model": "admin.logentry",
    "pk": 137,
    "fields": {
        "action_time": "2023-07-05T11:36:52.607Z",
        "user": 1,
        "content_type": 14,
        "object_id": "48",
        "object_repr": "The Thermo-X (Capsules)",
        "action_flag": 2,
        "change_message": "[{\"changed\": {\"fields\": [\"Name\", \"Description\"]}}]"
    }
},
{
    "model": "admin.logentry",
    "pk": 138,
    "fields": {
        "action_time": "2023-07-05T11:38:45.203Z",
        "user": 1,
        "content_type": 14,
        "object_id": "47",
        "object_repr": "Burn Belly Fat ™  (Capsules)",
        "action_flag": 2,
        "change_message": "[{\"changed\": {\"fields\": [\"Name\", \"Description\", \"Price\", \"Rating\"]}}]"
    }
},
{
    "model": "admin.logentry",
    "pk": 139,
    "fields": {
        "action_time": "2023-07-05T11:48:52.114Z",
        "user": 1,
        "content_type": 14,
        "object_id": "29",
        "object_repr": "Clear Collagen Powder",
        "action_flag": 2,
        "change_message": "[{\"changed\": {\"fields\": [\"Weight\"]}}]"
    }
},
{
    "model": "admin.logentry",
    "pk": 140,
    "fields": {
        "action_time": "2023-07-05T13:23:36.125Z",
        "user": 1,
        "content_type": 14,
        "object_id": "26",
        "object_repr": "Obvi, Super Collagen Protein, Entenmann's, 13.54 oz (384 g)",
        "action_flag": 2,
        "change_message": "[]"
    }
},
{
    "model": "admin.logentry",
    "pk": 141,
    "fields": {
        "action_time": "2023-07-05T13:23:39.372Z",
        "user": 1,
        "content_type": 14,
        "object_id": "28",
        "object_repr": "Collagen Protein - 1kg",
        "action_flag": 2,
        "change_message": "[]"
    }
},
{
    "model": "admin.logentry",
    "pk": 142,
    "fields": {
        "action_time": "2023-07-05T13:23:44.499Z",
        "user": 1,
        "content_type": 14,
        "object_id": "29",
        "object_repr": "Clear Collagen Powder",
        "action_flag": 2,
        "change_message": "[]"
    }
},
{
    "model": "admin.logentry",
    "pk": 143,
    "fields": {
        "action_time": "2023-07-05T13:24:14.350Z",
        "user": 1,
        "content_type": 14,
        "object_id": "30",
        "object_repr": "BikiniBod Collagen Protein",
        "action_flag": 2,
        "change_message": "[{\"changed\": {\"fields\": [\"Description\"]}}]"
    }
},
{
    "model": "admin.logentry",
    "pk": 144,
    "fields": {
        "action_time": "2023-07-05T13:24:20.559Z",
        "user": 1,
        "content_type": 14,
        "object_id": "31",
        "object_repr": "Creatine Monohydrate 300 G-CHERRY/OV",
        "action_flag": 2,
        "change_message": "[]"
    }
},
{
    "model": "admin.logentry",
    "pk": 145,
    "fields": {
        "action_time": "2023-07-05T13:24:24.021Z",
        "user": 1,
        "content_type": 14,
        "object_id": "32",
        "object_repr": "Creatine 100% Monohydrate 300G - TREC NUTRITION",
        "action_flag": 2,
        "change_message": "[]"
    }
},
{
    "model": "admin.logentry",
    "pk": 146,
    "fields": {
        "action_time": "2023-07-05T13:24:33.722Z",
        "user": 1,
        "content_type": 14,
        "object_id": "35",
        "object_repr": "Creatine Monohydrate Muscle Recovery",
        "action_flag": 2,
        "change_message": "[]"
    }
},
{
    "model": "admin.logentry",
    "pk": 147,
    "fields": {
        "action_time": "2023-07-10T21:07:49.448Z",
        "user": 1,
        "content_type": 16,
        "object_id": "6",
        "object_repr": "9EA16A7530A54C41B5441A717348686F",
        "action_flag": 3,
        "change_message": ""
    }
},
{
    "model": "admin.logentry",
    "pk": 148,
    "fields": {
        "action_time": "2023-07-10T21:07:49.452Z",
        "user": 1,
        "content_type": 16,
        "object_id": "5",
        "object_repr": "8918C6059E744D90A1CBE423D09AEF2B",
        "action_flag": 3,
        "change_message": ""
    }
},
{
    "model": "admin.logentry",
    "pk": 149,
    "fields": {
        "action_time": "2023-07-10T21:07:49.455Z",
        "user": 1,
        "content_type": 16,
        "object_id": "4",
        "object_repr": "5484A769F5F2408DB5A27A10F242B18F",
        "action_flag": 3,
        "change_message": ""
    }
},
{
    "model": "admin.logentry",
    "pk": 150,
    "fields": {
        "action_time": "2023-07-10T21:07:49.458Z",
        "user": 1,
        "content_type": 16,
        "object_id": "3",
        "object_repr": "D0034D806B95467DBBFB113B2F807D8C",
        "action_flag": 3,
        "change_message": ""
    }
},
{
    "model": "admin.logentry",
    "pk": 151,
    "fields": {
        "action_time": "2023-07-10T21:07:49.461Z",
        "user": 1,
        "content_type": 16,
        "object_id": "2",
        "object_repr": "2D5676866AE04489A63087DC7F1298AE",
        "action_flag": 3,
        "change_message": ""
    }
},
{
    "model": "admin.logentry",
    "pk": 152,
    "fields": {
        "action_time": "2023-07-10T21:07:49.464Z",
        "user": 1,
        "content_type": 16,
        "object_id": "1",
        "object_repr": "4862B8292488443DAAFA22D3AE115703",
        "action_flag": 3,
        "change_message": ""
    }
},
{
    "model": "admin.logentry",
    "pk": 153,
    "fields": {
        "action_time": "2023-07-10T21:38:55.629Z",
        "user": 1,
        "content_type": 4,
        "object_id": "3",
        "object_repr": "giovaniF",
        "action_flag": 3,
        "change_message": ""
    }
},
{
    "model": "admin.logentry",
    "pk": 154,
    "fields": {
        "action_time": "2023-07-11T20:31:00.858Z",
        "user": 1,
        "content_type": 14,
        "object_id": "56",
        "object_repr": "test1",
        "action_flag": 3,
        "change_message": ""
    }
},
{
    "model": "admin.logentry",
    "pk": 155,
    "fields": {
        "action_time": "2023-07-11T20:31:00.863Z",
        "user": 1,
        "content_type": 14,
        "object_id": "55",
        "object_repr": "test",
        "action_flag": 3,
        "change_message": ""
    }
},
{
    "model": "admin.logentry",
    "pk": 156,
    "fields": {
        "action_time": "2023-07-11T20:53:58.732Z",
        "user": 1,
        "content_type": 4,
        "object_id": "4",
        "object_repr": "giovanitest",
        "action_flag": 3,
        "change_message": ""
    }
},
{
    "model": "auth.user",
    "pk": 1,
    "fields": {
        "password": "pbkdf2_sha256$260000$KfPMBO4AD0g0Fa54U3kuWS$J4J85JNhdmjO28TYnKJyDe3s/GRpzxFM/+ignhBXUJg=",
        "last_login": "2023-07-12T09:02:54.840Z",
        "is_superuser": true,
        "username": "giovani",
        "first_name": "",
        "last_name": "",
        "email": "giovani@someemail.com",
        "is_staff": true,
        "is_active": true,
        "date_joined": "2023-06-30T13:59:32.202Z",
        "groups": [],
        "user_permissions": []
    }
},
{
    "model": "auth.user",
    "pk": 2,
    "fields": {
        "password": "pbkdf2_sha256$260000$GHizP0kXg0xffPrXliqI4E$LMTPGAWz4YFdL+mW7iQUC5BNomMh2N4TqZEjmd2kqUE=",
        "last_login": "2023-07-12T10:25:32.852Z",
        "is_superuser": false,
        "username": "test",
        "first_name": "",
        "last_name": "",
        "email": "test@email.com",
        "is_staff": false,
        "is_active": true,
        "date_joined": "2023-07-10T13:45:55.409Z",
        "groups": [],
        "user_permissions": []
    }
},
{
    "model": "sessions.session",
    "pk": "f34c0h0ztp5guaplsrkq9fcn8kgcklv4",
    "fields": {
        "session_data": ".eJxVTjsOgzAMvYtnFBGchMDYnTMgO7GAtgKJwIS4e0nF0E5P76t3QE_7NvZ7krWfIrSgofjVmMJL5mzEJ83DosIyb-vEKkfU7SbVLVHejzv7NzBSGq928KWUhE6IpRHBpomIlQ_aVmQt11ixjsZRXZrgULwzxrqavNjAIjq_YhqgPa6DrS7AmC_Yi2EBOsN5fgAKpT8_:1qH36t:Yt63yRLib3d1Vwm-CX4osuYbb50HBoE-zoh5ECZi-lc",
        "expire_date": "2023-07-19T14:03:59.021Z"
    }
},
{
    "model": "sessions.session",
    "pk": "pjiy3enw4jhgaq5e4rvm25fhaarkg8ol",
    "fields": {
        "session_data": ".eJxVjk0OwiAYRO_C2hAoP6Uu3XsG8gETixowpU00xrtrTRe6nfdmMk_maZlHvzRMPie2Z5LtfrNA8YKygnSmcqo81jJPOfBV4Rtt_FgTrofN_RsYqY2fdnQCgpQFBQyAGoakVOeiNB0ZE3rVBZm0pV7oaBWc1drYnhxMDID8vmpoLdficb_l6cH24vUGjko_Cw:1qJKHk:pJ7R6hHx4dobPngBAwcmzOiIId7jOVavpnL7pZ4R6tA",
        "expire_date": "2023-07-25T20:48:36.958Z"
    }
},
{
    "model": "sessions.session",
    "pk": "s93wrenon3wdn90cfifvrhdzsd0ljmuk",
    "fields": {
        "session_data": "e30:1qJX2m:wMik_3USvqM0NMpmc042mB4brMXzqKLfPyElsc6n9vE",
        "expire_date": "2023-07-26T10:26:00.947Z"
    }
},
{
    "model": "sessions.session",
    "pk": "skvytv3wzvqdfylc4ctbnrm4o2wbh9bu",
    "fields": {
        "session_data": ".eJxVjk0OwiAYRO_C2hAoP6Uu3XsG8gETixowpU00xrtrTRe6nfdmMk_maZlHvzRMPie2Z5LtfrNA8YKygnSmcqo81jJPOfBV4Rtt_FgTrofN_RsYqY2fdnQCgpQFBQyAGoakVOeiNB0ZE3rVBZm0pV7oaBWc1drYnhxMDID8vmpoLdficb_l6cH24vUGjko_Cw:1qFFnL:Nxin0WSNuYcH079OYvr4m4GVJmirZtRZ7IVphTVn4xA",
        "expire_date": "2023-07-14T15:12:23.885Z"
    }
},
{
    "model": "sessions.session",
    "pk": "ztzzurwl7qz7sxo8tixbnrsfc1c9gc24",
    "fields": {
        "session_data": ".eJxljdsKwjAMQP8lz2N0bt3tTX-kpGnKirWTtRVF_Hc3GYL4mHOSkycg0ZxDUjdenHVsFF_QeRhD9r742hx5gREOUIDCnKYPUM78M4105rAJ9H7D5d4oPzu7juVxnTgkR5jcHE771U9qwjitnU62siGrsZOkGyFb0WCFsqKD0BVr2dWiN2xIYN8ai8PQWa4RrUWqbS1oi0aOcX2j-H51ywNGUUDEGysX7AxjWjK_3mUeXEA:1qItaw:PqkE3r4jZfHfd4FeFDKeJ6M8IegMVDRkh2VFpKVx0Ws",
        "expire_date": "2023-07-24T16:18:38.807Z"
    }
},
{
    "model": "sites.site",
    "pk": 1,
    "fields": {
        "domain": "powerprotein.example.com",
        "name": "PowerProtein"
    }
},
{
    "model": "account.emailaddress",
    "pk": 1,
    "fields": {
        "user": 1,
        "email": "giovani@someemail.com",
        "verified": true,
        "primary": true
    }
},
{
    "model": "account.emailaddress",
    "pk": 2,
    "fields": {
        "user": 2,
        "email": "test@email.com",
        "verified": true,
        "primary": true
    }
},
{
    "model": "products.category",
    "pk": 1,
    "fields": {
        "name": "whey_protein",
        "friendly_name": "Whey Protein"
    }
},
{
    "model": "products.category",
    "pk": 2,
    "fields": {
        "name": "protein_isolate",
        "friendly_name": "Protein Isolate"
    }
},
{
    "model": "products.category",
    "pk": 3,
    "fields": {
        "name": "vegan_protein",
        "friendly_name": "Vegan Protein"
    }
},
{
    "model": "products.category",
    "pk": 4,
    "fields": {
        "name": "collagen_protein",
        "friendly_name": "Collagen Protein"
    }
},
{
    "model": "products.category",
    "pk": 5,
    "fields": {
        "name": "creatine",
        "friendly_name": "Creatine"
    }
},
{
    "model": "products.category",
    "pk": 6,
    "fields": {
        "name": "pre_workout",
        "friendly_name": "Pre Workout"
    }
},
{
    "model": "products.category",
    "pk": 7,
    "fields": {
        "name": "weight_gainers",
        "friendly_name": "Weight Gainers"
    }
},
{
    "model": "products.category",
    "pk": 8,
    "fields": {
        "name": "weight_loss_supplements",
        "friendly_name": "Weight Loss Supplements"
    }
},
{
    "model": "products.category",
    "pk": 9,
    "fields": {
        "name": "new_arrivals",
        "friendly_name": "New Arrivals"
    }
},
{
    "model": "products.product",
    "pk": 1,
    "fields": {
        "category": 1,
        "sku": "wh1564535451",
        "name": "Optimum Nutrition Hydro Whey Platinum 1.6kg",
        "description": "Platinum Hydrowhey is the fastest, purest, most advanced whey protein Optimum's ever developed. In a word: excellence. What else would you expect from the most proven protein brand?\r\n\r\nBy hydrolyzing the protein in this premium formula we've created our fastest-acting whey protein yet. Hydrolyzing breaks larger proteins down into smaller pieces that are able to get into your system rapidly, enabling your muscles to start rebuilding quickly. For added effectiveness, we've also enhanced this revolutionary formula with digestive enzymes and micronized branched chain amino acids (BCAAs). In addition to being fast, Platinum Hydrowhey is also ultra-pure. That's because it's made entirely with hydrolyzed whey protein isolates. So there's no excess fat, cholesterol, or lactose to slow down your progress.",
        "weight": "1.6kg",
        "price": "55.60",
        "rating": "4.80",
        "image_url": null,
        "image": "optimum-nutritionplatinum-hyrdo-whey-chocolate-600x600_TWhWRG5.jpg"
    }
},
{
    "model": "products.product",
    "pk": 2,
    "fields": {
        "category": 1,
        "sku": "wh1564535456",
        "name": "THE Whey - My Protein",
        "description": "THE Whey is our premium 100% whey protein blend designed to contribute to the growth and maintenance of muscle mass,1 alongsidel digestive enzymes and live cultures.\r\n\r\nPacked with market-leading nutritionals, including a massive 25g of protein in every serving, with 13g coming from whey isolate, 10g from concentrate and 6g from hydrolysed protein — to provide the fuel your muscles need to grow.1",
        "weight": "2.5kg",
        "price": "39.99",
        "rating": "4.70",
        "image_url": null,
        "image": "the-whey-new.jpg"
    }
},
{
    "model": "products.product",
    "pk": 3,
    "fields": {
        "category": 1,
        "sku": "wh1564535457",
        "name": "Impact Whey Protein - 2.5kg",
        "description": "Impact Whey Protein has been around since day one, and it's been a firm favourite ever since. A handy, easy-to-mix shake that helps your body stay topped up on protein all day, made for you to feel and perform at your best. \r\n\r\nImpact Whey Protein gets top marks from independent testers, too. Ranked grade A by Labdoor for quality and value, it’s our best-seller for a reason.\r\n\r\nFormulated to provide nutrition with a meaningful impact, and thoughtfully developed by expert nutritionists, Impact Whey Protein delivers a powerful punch.\r\n\r\nEach serving is packed with a mighty 21g* of protein, nourishing with the everyday protein you need to fuel your body, sourced from high-quality ingredients.",
        "weight": "2.5kg",
        "price": "66.99",
        "rating": "4.90",
        "image_url": null,
        "image": "MyProtein-Impat-Whey-2500g-800x800_ROgEo3D.jpg"
    }
},
{
    "model": "products.product",
    "pk": 4,
    "fields": {
        "category": 1,
        "sku": "wh1564535458",
        "name": "Whey Protein - Helltech 2270g",
        "description": "In training you demand everything from your body. It's only fair if your body only gets the best of you after your workout. Our shake contains the perfect whey formula for your muscles. Super creamy in water or milk. Simply delicious like no other.",
        "weight": "2.3kg",
        "price": "57.90",
        "rating": "4.50",
        "image_url": null,
        "image": "helltech-whey-protein_ulsvZte.jpg"
    }
},
{
    "model": "products.product",
    "pk": 5,
    "fields": {
        "category": 1,
        "sku": "wh1564535459",
        "name": "3Whey Protein - Sharkpro 900g",
        "description": "Shark 3 WHEY PROTEIN is a protein supplement basically composed of WHEY PROTEIN in its various forms. Concentrated whey protein (WHEY PROTEIN CONCENTRATE). Whey protein isolated by ion exchange (ION EXCHANGE WHEY PROTEIN ISOLATE). HYDROLYZED PROTEIN - Proteins made with high technology and high concentration of amino acids.",
        "weight": "900g",
        "price": "45.99",
        "rating": "4.60",
        "image_url": null,
        "image": "3-whey-protein-900g-chocolate-83-interno-110313_bxJDLCi.jpg"
    }
},
{
    "model": "products.product",
    "pk": 6,
    "fields": {
        "category": 1,
        "sku": "wh1564535460",
        "name": "Power Whey Complex - BioX - 2.27kg",
        "description": "Flavor, Quality, Results; A protein designed to meet the needs of the most rigorous exercise regimen while keeping in mind even the toughest of flavor critics by providing 11+ mouthwatering flavors that will leave you looking forward to your next shake.\r\n\r\nLearning to read equidex 200 fitness is a marriage between good nutrition and physical exercise.\r\n\r\nWith a nitrogen packed 25-27 grams of protein sourced from 3 highly bioavailable proteins containing less than 5% lactose.\r\n\r\nWhen it comes to post workout recovery, or just simply adding a high quality protein source to your daily routine, POWER WHEY COMPLEX is sure to deliver the nutrition and satisfaction you desire.",
        "weight": "2.27kg",
        "price": "40.00",
        "rating": "5.00",
        "image_url": null,
        "image": "biox-power-whey-5lb-winner-new_1_74ebqFE.jpg"
    }
},
{
    "model": "products.product",
    "pk": 7,
    "fields": {
        "category": 1,
        "sku": "wh1564535461",
        "name": "100% Whey Protein Powder",
        "description": "Ultimate high performance formula containing 33g of pure, lean muscle-building protein for the serious trainer demanding maximum muscle growth and recovery.\r\nFast-absorbing whey proteins are easily digested and rapidly deliver clinically proven nutrients for muscle growth and recovery post-exercise.\r\nVitalstrength’s advanced purification process delivers an ultra-low carb and fat formulation with maximum nutrient preservation.",
        "weight": "4kg",
        "price": "69.99",
        "rating": "5.00",
        "image_url": null,
        "image": "Image-Whey__17399_uUkX3W4.jpg"
    }
},
{
    "model": "products.product",
    "pk": 8,
    "fields": {
        "category": 1,
        "sku": "wh1564535462",
        "name": "Whey protein 500g - chocolate",
        "description": "We designed this new Whey Protein for fitness enthusiasts looking for a naturally flavoured protein powder with simple ingredients.",
        "weight": "500g",
        "price": "20.00",
        "rating": "4.00",
        "image_url": null,
        "image": "whey-protein-500g-chocolate_X6AJ2Eh.jpg"
    }
},
{
    "model": "products.product",
    "pk": 10,
    "fields": {
        "category": 2,
        "sku": "iso1564535500",
        "name": "Applied Nutrition Clear Whey Isolate 875g",
        "description": "With all the key benefits of a typical protein shake, Clear Whey is absorbed rapidly and contains just 90 calories per 25g serving. It is packed with over 21g of protein, has only 1g of carbs, and has less than 0.25g of sugar & fat.\r\n\r\nIt uses ultra-hydrolysed whey protein isolate to create water that tastes more like delicious fruit water than any other typical protein shake. The formula provides a low-calorie option for those who want to increase their protein intake.\r\n\r\nClear Whey is the perfect macro-friendly product to help grow & maintain muscle, whatever your fitness goal.\r\n\r\nApplied Nutrition's Clear Whey Protein Isolate is available in delicious fruity flavours!",
        "weight": "875g",
        "price": "38.99",
        "rating": "4.80",
        "image_url": null,
        "image": "applied-iso-whey_8oSPOjE.jpg"
    }
},
{
    "model": "products.product",
    "pk": 11,
    "fields": {
        "category": 2,
        "sku": "iso1564535501",
        "name": "Impact Whey Isolate - 500g",
        "description": "Experience supreme quality with Impact Whey Isolate, a protein powder renowned for being one of the purest around.\r\n\r\nWith an extra round of meticulous filtering, Impact Whey Isolate takes protein purity to a whole new level. That means a higher protein content, less sugar, and zero fat.*. It’s as pure as it gets. It’s your go-to everyday protein shake packed with 23g of protein per serving*, delivering a fast protein boost, when you need it most.",
        "weight": "500g",
        "price": "29.44",
        "rating": "4.80",
        "image_url": null,
        "image": "my-protein-isolate_t6endVl.jpg"
    }
},
{
    "model": "products.product",
    "pk": 12,
    "fields": {
        "category": 2,
        "sku": "iso1564535502",
        "name": "Optimum Nutrition Gold Standard Whey Isolate 930g",
        "description": "Introducing GOLD STANDARD 100% WHEY ISOLATE, a hydrolyzed and ultra-filtered whey protein isolate superior to anything else on the market. To create the GOLD STANDARD of isolate protein, we start by selecting only the highest quality whey protein isolates. This is then carefully puried through an ultra-filtration process that leaves you with everything you want, and nothing you don’t. It’s as premium as protein gets. It’s GOLD STANDARD.\r\n\r\n25g of Primary Hydrolyzed Whey Protein Isolates\r\n80% protein per scoop\r\n5.5 grams of naturally occurring BCAAs\r\n1 gram of sugar\r\n1 gram carbohydrate",
        "weight": "930g",
        "price": "38.90",
        "rating": null,
        "image_url": null,
        "image": "optimum-nutrition-gold-standard-100-isolate-930-g-new-600x600_N9gLZLd.jpg"
    }
},
{
    "model": "products.product",
    "pk": 13,
    "fields": {
        "category": 2,
        "sku": "iso1564535503",
        "name": "SO NUTRITION - Whey Isolate Zero 454g",
        "description": "Pure whey isolate contains a precise blend of proteins designed to create the \r\noptimal environment for exercise recovery and muscle growth. this protein blend \r\ncontains fast digesting whey protein isolate and concentrate to fuel your muscles \r\nafter hard and exhausting training. this refills your muscles with amino acids, the \r\nbuilding blocks of its tissues.\r\n\r\nWhey protein isolates are 90% pure protein by weight. they are the purest and most \r\nbioavailable form of whey protein that exists.\r\n\r\nWhey protein is high in the essential branched-chain amino acids (bcaa’s) and very high \r\nin l-glutamine, the most abundant free amino acid in human blood. in addition whey \r\nprotein contains essential amino acids (eaas). eaas are necessary for the human body \r\nand muscle tissues, but it cannot synthesize eaas so must be supplied by healthy diet.",
        "weight": "454g",
        "price": "16.99",
        "rating": "4.50",
        "image_url": null,
        "image": "SON_WheyIsolateZero_454g_doy_final_3D_02-700x869.png"
    }
},
{
    "model": "products.product",
    "pk": 14,
    "fields": {
        "category": 2,
        "sku": "iso1564535504",
        "name": "Whey Isolate 100 % - EnergyBody",
        "description": "The ultimate whey protein isolate. We could not find a higher quality raw material. This protein is for all those with the highest demands on their Sports nutrition.\r\n\r\nCommitment to clean sports: Our product Energybody Whey Isolate 100% is regularly tested for selected doping substances.\r\n\r\nUse: For one serving mix 30 g of powder (= 3 level measuring spoons) with 200 ml of water in a shaker for 20 seconds. Take 1-2 servings per day. The use after your training is especially recommended.\r\nImportant information: This product does not replace a varied and balanced diet and a healthy lifestyle.\r\nCalcium contributes to a normal energy metabolism",
        "weight": "600g",
        "price": "35.95",
        "rating": "5.00",
        "image_url": null,
        "image": "whey-protein-isolat-web-2.png"
    }
},
{
    "model": "products.product",
    "pk": 15,
    "fields": {
        "category": 2,
        "sku": "iso1564535505",
        "name": "Pea Protein Isolate 1kg",
        "description": "Pea protein isolate is a plant protein with an excellent amino acid profile. It's made from premium-quality natural golden peas grown in Canada which have been dried and ground, then mixed with water to remove the fibre and starch components.\r\n\r\nIt's then ground and dried again to produce a product which is very high in protein, low in fat, easily digestible, and non-acidic. Low heat isolation is used to maximise bioavailability.\r\n\r\nPea protein is vegan and GMO free. It's also naturally free of dairy, gluten, soy, and other allergens*.\r\n\r\nIt mixes easily in a handshaker or blender, and also works well in recipes as it doesn't tend to dry out when baked like some other protein powders can. It can be used to make cookies, bars, pancakes, balls, muffins, and more.",
        "weight": "1kg",
        "price": "38.00",
        "rating": "4.90",
        "image_url": null,
        "image": "greenbag_pea.png"
    }
},
{
    "model": "products.product",
    "pk": 17,
    "fields": {
        "category": 1,
        "sku": "wh1564535468",
        "name": "Whey Protein Natural - Battery 800g",
        "description": "Battery Whey Protein Natural is the perfect supplement for active individuals who wish to slash recovery time, build muscle, burn fat and improve their physical performance. It gives you your daily dose of high-quality protein, with minimum amount of fat and carbohydrates and without any artificial colours or flavours.",
        "weight": "800g",
        "price": "24.19",
        "rating": "4.70",
        "image_url": null,
        "image": "battery-whey-natural-800g.jpg"
    }
},
{
    "model": "products.product",
    "pk": 18,
    "fields": {
        "category": 1,
        "sku": "wh1564535469",
        "name": "Evox 100% Whey Protein Advanced – 2kg",
        "description": "Evox 100% Whey Protein Advanced is a premium source of highly bioavailable whey protein with high levels of branched chain amino acids and L-glutamine to enhance muscle recovery, prevent delayed onset muscle stiffness, increase lean muscle growth. Added Tolerase™ L aids protein absorption.\r\n\r\n23 g Protein\r\n3 g Carbohydrates\r\n1.7 g Fat\r\n120 Calories",
        "weight": "2kg",
        "price": "42.99",
        "rating": "4.60",
        "image_url": null,
        "image": "6008997000649-whey-protein-advanced-strawberry-2kg.jpg"
    }
},
{
    "model": "products.product",
    "pk": 19,
    "fields": {
        "category": 1,
        "sku": "wh1564535467",
        "name": "Premium Whey Concentrate & Isolate",
        "description": "100% WHEY is pure muscle-building fuel and perfect for your muscle-building goals. It packs a premium blend of 24g whey protein concentrate and whey protein isolate per serving. It delivers 11.3g of EAAs and 5.3g of BCAAs per scoop. It digests easily. Your body can quickly utilize it to support muscle growth, strength, performance and recovery.",
        "weight": "2.26kg",
        "price": "69.99",
        "rating": "4.90",
        "image_url": null,
        "image": "100-whey-vanilla-5lb-9062-1.jpg"
    }
},
{
    "model": "products.product",
    "pk": 21,
    "fields": {
        "category": 1,
        "sku": "wh1564535470",
        "name": "DARKWHEY whey protein concentrate",
        "description": "Monsters are always looking for more strength and muscle mass , so only the high technology Darkness was able to develop an insane supplement to take care of that protein intake, Dark Whey is what was missing for you to reach your goals.\r\n\r\nA high quality protein supplement that promotes a high supply of essential amino acids in a practical, tasty and easily digestible way. As it is a strictly protein product, without the addition of other nutrients , it can be used to modulate the daily protein intake of athletes according to their needs, that is, consumed pure or combined with other ingredients.",
        "weight": "1kg",
        "price": "39.99",
        "rating": "4.90",
        "image_url": null,
        "image": "darkwhey-protein-chocolate-1-2kg-darkness.png"
    }
},
{
    "model": "products.product",
    "pk": 22,
    "fields": {
        "category": 3,
        "sku": "vg1564535300",
        "name": "Vegan Protein Blend - 250g",
        "description": "Vegan Protein Blend is our newly reformulated plant-based protein. We’ve improved the taste and texture, but don’t worry — it’s still packed with the amazing nutritionals you loved before.\r\n\r\nCompletely free from artificial colours and flavours, our all-natural Vegan Protein Blend is a blend of pea and fava bean protein isolates, to enhance your plant-powdered diet. Oh, and it’s low in sugar and delicious too.\r\n\r\nDiscover more from our Myvegan range here.\r\n\r\nWant more information on protein powder, its benefits, and guidance on which one's best for you? Check out our Protein Guide.",
        "weight": "250g",
        "price": "6.99",
        "rating": "4.90",
        "image_url": null,
        "image": "myprotein-vegan_8UBOka3.jpg"
    }
},
{
    "model": "products.product",
    "pk": 23,
    "fields": {
        "category": 3,
        "sku": "vg1564535301",
        "name": "Inside Nutrition Vegan Protein Powder Classic Vanilla 1Kg",
        "description": "Inside Nutrition’s Vegan Protein is primarily made of a high-quality pea protein isolate and is packed with an amazing 21g of protein per scoop! Delicious taste & texture.\r\n\r\n21g of Plant Protein per 30g Scoop\r\nLow in Sugar\r\nHigh Fibre\r\n100% recyclable packaging\r\nProtein contributes to the growth and maintenance of muscle mass and the maintenance of healthy bones.",
        "weight": "1kg",
        "price": "22.00",
        "rating": "4.80",
        "image_url": null,
        "image": "Inside-nutrition-vegan-protein-chocolate_xpvWuC1.jpg"
    }
},
{
    "model": "products.product",
    "pk": 24,
    "fields": {
        "category": 3,
        "sku": "vg1564535302",
        "name": "Vegan protein 450g - mixed berries flavour",
        "description": "It can be a challenge the first time you switch from a dairy whey to a plant-derived protein.\r\nVegan protein has a thicker texture, it's more floury than whey protein. It's a characteristic of plant-derived proteins.\r\nSo comparing a whey protein with a vegan protein can prove difficult.\r\nFor example, a soya steak is difficult to compare with a beef steak with regard to both its texture and flavour.\r\nOur Vegan Protein is quickly absorbed by the body, making it perfect for use straight after training (up to 30 minutes).\r\nYou can also round off your diet by having a VEGAN PROTEIN shake for breakfast or before training.\r\nTwo-thirds of your protein intake should come through a varied and balanced diet.",
        "weight": "450g",
        "price": "17.00",
        "rating": "4.60",
        "image_url": null,
        "image": "vegan-protein-450g-mixed-berries-flavour_rrVP3np.jpg"
    }
},
{
    "model": "products.product",
    "pk": 25,
    "fields": {
        "category": 3,
        "sku": "vg1564535303",
        "name": "Vegan protein chocolate/hazelnut 900 g",
        "description": "A taste and texture created to win over vegan purists as well as flexitarians and anyone looking to diversify their diet.\r\n\r\nAfter a year and a half of working on the formula and conducting tastings, our 11th version of our VEGAN PROTEIN with a CHOCOLATE/HAZELNUT flavour is finally ready!\r\nMore than 140 testers helped guide the process to create this version.\r\nOur Vegan Protein is quickly absorbed by the body, making it perfect for use straight after training (up to 30 minutes).\r\n\r\nYou can also round off your diet by having a VEGAN PROTEIN shake for breakfast or before training.\r\nTwo-thirds of your protein intake should come through a varied and balanced diet.",
        "weight": "900g",
        "price": "31.00",
        "rating": "4.90",
        "image_url": null,
        "image": "vegan-protein-chocolateslashhazelnut-900-g_DlPs1sf.jpg"
    }
},
{
    "model": "products.product",
    "pk": 26,
    "fields": {
        "category": 4,
        "sku": "co1564535400",
        "name": "Obvi, Super Collagen Protein, Entenmann's, 13.54 oz (384 g)",
        "description": "Natural & artificial flavors, cocoa powder, sodium chloride, calcium carbonate, silicon dioxide, sucralose, acesulfame potassium.\r\n\r\nAllergen Disclaimer: Manufactured in a facility which processes milk, eggs, fish, shellfish, tree nuts, peanuts, wheat, and soybeans.",
        "weight": "384g",
        "price": "32.94",
        "rating": "4.70",
        "image_url": null,
        "image": "588349_Obvi_Super_Collagen_Entenmanns_Front.jpg"
    }
},
{
    "model": "products.product",
    "pk": 28,
    "fields": {
        "category": 4,
        "sku": "co1564535402",
        "name": "Collagen Protein - 1kg",
        "description": "This blend is made with highly purified collagen peptides to give you a delicious shake with at least 90% protein content, helping you to meet your daily intake without taking on unnecessary fats and carbs — ideal for weight loss and muscle gaining goals.",
        "weight": "1kg",
        "price": "26.59",
        "rating": "4.80",
        "image_url": null,
        "image": "collagen-myprotein_2nu3es1.jpg"
    }
},
{
    "model": "products.product",
    "pk": 29,
    "fields": {
        "category": 4,
        "sku": "co1564535403",
        "name": "Clear Collagen Powder",
        "description": "Collagen is the most abundant protein in the body and is mainly found in skin, hair, nails, and other connective tissues. As we age, our natural collagen levels start to decline, which is where our Collagen Powder Tub comes in.\r\n\r\nWith zero fat, zero sugar, and 18g of protein per serving, ideal for muscle growth and maintenance,1 this refreshingly fruity shake is the perfect way to support your training progress",
        "weight": "600g",
        "price": "21.84",
        "rating": "4.70",
        "image_url": null,
        "image": "collagen-powder-myprotein.jpg"
    }
},
{
    "model": "products.product",
    "pk": 30,
    "fields": {
        "category": 4,
        "sku": "co1564535404",
        "name": "BikiniBod Collagen Protein",
        "description": "HYDROLYZED PROTEIN – Protein is super-important for building muscles.BikiniBod Collagen Protein delivers 23 g of protein per serving, providing the best post-workout shake, or healthy snack during the day. Our Collagen peptide Weigh protein powder is hydrolyzed. (broken down) to help amino acids get easily absorbed in your body.\r\nGREAT SOURCE OF COLLAGEN: Collagen is one of the most important nutrients needed to maintain a strong body and keep you in healing mode.",
        "weight": "1kg",
        "price": "34.99",
        "rating": "4.80",
        "image_url": null,
        "image": "collagen-protein.jfif"
    }
},
{
    "model": "products.product",
    "pk": 31,
    "fields": {
        "category": 5,
        "sku": "cr1564535700",
        "name": "Creatine Monohydrate 300 G-CHERRY/OV",
        "description": "OstroVit Supreme Pure Creatine Monohydrate is the highest quality one-component supplement of creatine monohydrate with an excellent, micronization level. Creatine is a widely known and used supplement. Its effectiveness has been confirmed by numerous scientific studies. It provides better muscle growth, effective regeneration and energy for longer, more effective and harder workouts.\r\n300 g creatine monohydrate in the package.\r\n120 servings in the package.\r\n1 scoop a day.\r\nOnly one component, no unnecessary fillers.",
        "weight": "300g",
        "price": "20.15",
        "rating": "4.80",
        "image_url": null,
        "image": "pol_pm_ostrovit-creatine-monohydrate-300-g-16592_1.png"
    }
},
{
    "model": "products.product",
    "pk": 32,
    "fields": {
        "category": 5,
        "sku": "cr1564535701",
        "name": "Creatine 100% Monohydrate 300G - TREC NUTRITION",
        "description": "CREATINE 100%. CREATINE MONOHYDRATE POWDER. CREATINE 100% contains creatine monohydrate powder. The product is supplemented with vitamin C and sodium. CREATINE 100% contains creatine, which increases physical performance in successive bursts of short-term, high intensity exercise. The beneficial effect is obtained with a daily intake of 3 g of creatine. CREATINE 100% is recommended for athletes specializing in power and speed-power disciplines. CREATINE 100% is designed for professional athletes.",
        "weight": "300g",
        "price": "15.90",
        "rating": "4.50",
        "image_url": null,
        "image": "eng_pl_CREATINE-100-MONOHYDRATE-300G-TREC-NUTRITION-370_1.jpg"
    }
},
{
    "model": "products.product",
    "pk": 33,
    "fields": {
        "category": 5,
        "sku": "cr1564535702",
        "name": "Creatine Monohydrate Powder",
        "description": "One of the most highly researched forms of creatine in the world — our hard-hitting powder is scientifically proven to increase physical performance,1 by improving overall power.\r\nProven to increase physical performance1\r\nCan help increase power1\r\nConvenient everyday supplement\r\nPerfect for all sports and exercise",
        "weight": "300g",
        "price": "17.09",
        "rating": "4.70",
        "image_url": null,
        "image": "myprotein-creatine.jpg"
    }
},
{
    "model": "products.product",
    "pk": 35,
    "fields": {
        "category": 5,
        "sku": "cr1564535704",
        "name": "Creatine Monohydrate Muscle Recovery",
        "description": "Creatine Monohydrate is one of the most studied tried and true dietary supplements on the market. Used both pre and post-workout, Creatine Monohydrate helps to improve athletic performance through ATP production, supporting both muscular strength and muscular endurance.*\r\n\r\nMuscle recovery*\r\n5 grams per serving\r\nAthletic performance*\r\n60 servings",
        "weight": "250g",
        "price": "36.99",
        "rating": "4.90",
        "image_url": null,
        "image": "548851_RECON1_Creatine_Monohydrate_Front.jpg"
    }
},
{
    "model": "products.product",
    "pk": 36,
    "fields": {
        "category": 5,
        "sku": "cr1564535705",
        "name": "Jacked Factory Pure Creatine Monohydrate Powder Unflavoured, 85 Servings",
        "description": "Are you ready to get jacked? Jacked Factory is just what you need! With no fillers or artificial flavours, Jacked Factory’s Creatine Monohydrate powder features 5,000 mg of unflavored, pure creatine monohydrate powder in every scoop. Whether you’re looking to bulk up, build muscles, improve athletic performance, or just want to hit those macros with ease, Jacked Factory is just what you need! This creatine powder mixes easily into any beverage, making it perfect for anyone looking to get their daily dose of muscle-building nutrients.",
        "weight": "300g",
        "price": "35.99",
        "rating": "4.90",
        "image_url": null,
        "image": "jacked-factory-creatine-monohydrate_1_-min.jpg"
    }
},
{
    "model": "products.product",
    "pk": 37,
    "fields": {
        "category": 6,
        "sku": "pw2564535100",
        "name": "Pre-Workout (195GMS) - MAXN",
        "description": "Are you looking for a pre workout supplement that can help you reach your goals faster? Whether your goal is to gain muscle, become stronger, or just improve your performance in the gym, there are plenty of benefits of taking a pre workout powder. MAXN’s Pre workout supplements are designed to support increased energy, focus, and endurance in the gym. The best pre workout supplement can help you take your workout to the next level. This powder can help to improve your energy and stamina, allowing you to push yourself harder and get more out of your workout. If you are looking to get the most out of your workout, then a pre workout supplement is a great choice.",
        "weight": "195g",
        "price": "32.00",
        "rating": "4.80",
        "image_url": null,
        "image": "maxn-preworkout.png"
    }
},
{
    "model": "products.product",
    "pk": 38,
    "fields": {
        "category": 6,
        "sku": "pw2564535101",
        "name": "MuscleBlaze Pre Workout 200",
        "description": "POWER-PACKED FORMULA: Transform your fitness workouts with MuscleBlaze Pre-Workout 200. Every 5 g serving provides 2200 mg L-Citrulline & 1500 mg L-Arginine to enhance blood flow in the nerves & boost pump\r\nIMPROVES FOCUS: This pre workout supplement contains 200 mg of caffeine to keep you focused and active\r\nNO ADDED SUGAR: This pre workout supplement for men and women is a clean source of energy with zero added sugar as sugar increases the unnecessary calorie intake",
        "weight": "100g",
        "price": "34.99",
        "rating": "4.90",
        "image_url": null,
        "image": "preworkout-muscleblaze.jpg"
    }
},
{
    "model": "products.product",
    "pk": 39,
    "fields": {
        "category": 6,
        "sku": "pw2564535102",
        "name": "Mr. Hyde Signature Pre Workout",
        "description": "Intense Performance: This workout energy drink has powerful ingredients like Creatine, Beta Alanine, Nitrosigine Arginine Silicate, L-Citrulline, Caffeine, TeaCrine and more that provide intense rapid released and sustained energy, focus and pumps for peak performance. The combination of Caffeine and TeaCrine in our energy drink powder helps provide jitter-free sustained energy and drive throughout your workout from start to finish.",
        "weight": "216g",
        "price": "40.49",
        "rating": "4.90",
        "image_url": null,
        "image": "mr-hyde-signature-watermelon.png"
    }
},
{
    "model": "products.product",
    "pk": 40,
    "fields": {
        "category": 6,
        "sku": "pw2564535103",
        "name": "Alpha Pre-Workout",
        "description": "It’s time to give your body that extra boost before you even step foot in the gym. Our Alpha Pre-Workout is your new secret weapon.\r\n\r\nOur hard-hitting no-nonsense formula is packed with key pre-workout ingredients, including citrulline malate, beta alanine, and caffeine to take your training to the next level1.\r\n\r\nStart maximising your workout before you even walk through the door.",
        "weight": "600g",
        "price": "26.99",
        "rating": "4.70",
        "image_url": null,
        "image": "alpha-myprotein.jpg"
    }
},
{
    "model": "products.product",
    "pk": 41,
    "fields": {
        "category": 7,
        "sku": "wg2564535200",
        "name": "Optimum Nutrition Serious Mass - 5450g",
        "description": "Serious Mass supplies you with the tools you need to pack on the pounds and develop the physique you've always wanted. Each serving of Serious Mass contains 1250 serious calories derived primarily from protein sparing complex carbohydrates and a high quality protein blend consisting of Whey Protein Concentrate, Calcium Caseinate, and Egg albumen. Creatine Monohydrate, Glutamine, Choline and Inositol have been added to optimize each strength training workout while a complete vitamin and mineral profile insures your body gets the balanced nutrition it needs.",
        "weight": "5.44kg",
        "price": "56.95",
        "rating": "4.90",
        "image_url": null,
        "image": "optimum-nutrition-serious-mass-weight-gainer-protein-powder.jpg"
    }
},
{
    "model": "products.product",
    "pk": 43,
    "fields": {
        "category": 7,
        "sku": "wg2564535202",
        "name": "Kevin Levrone Anabolic Mass - 3kg",
        "description": "Kevin Levrone Anabolic Mass is a high-quality mass gainer supplement designed to support muscle growth, weight gain, and overall size development. Each container provides 3000 grams of mass gainer powder, offering a convenient and efficient way to supplement your daily caloric intake.\r\n\r\nAnabolic Mass is formulated with a blend of premium carbohydrates, proteins, and essential nutrients to support muscle recovery, promote muscle hypertrophy, and provide the necessary fuel for intense workouts. This mass gainer is specifically designed for individuals looking to pack on size and increase their muscle mass.",
        "weight": "3kg",
        "price": "32.95",
        "rating": "5.00",
        "image_url": null,
        "image": "kevin-levrone-anabolic-mass-3000-g-500x500.jpg"
    }
},
{
    "model": "products.product",
    "pk": 44,
    "fields": {
        "category": 7,
        "sku": "wg2564535203",
        "name": "Dymatize Super Mass Gainer",
        "description": "Dymatize® SUPER MASS GAINER™ is a premium mass gainer with an appropriate calorific profile designed to meet the particular needs of bodybuilders, powerlifters and hard gainers in the bulking phase.\r\nEspecially during phases of intense training, it is essential to ensure an appropriate and target orientated nutrient intake. A target orientated nutrient intake helps to support muscle growth, improve training performance and reduce fatigue. Our “POWERHOUSE Formula” is a special matrix developed to deliver a powerful combination of creatine, carbohydrates and proteins, satisfying your specific demands during the bulking phase.",
        "weight": "5.4kg",
        "price": "39.90",
        "rating": "4.90",
        "image_url": null,
        "image": "dymatize-w-gainer.jpg"
    }
},
{
    "model": "products.product",
    "pk": 45,
    "fields": {
        "category": 7,
        "sku": "wg2564535204",
        "name": "Weight Gainer - Vanilla Ice Cream - 3 lb.",
        "description": "Pro Performance® Weight Gainer - Vanilla Ice Cream contains 50 grams of high-quality protein in a wellness formula designed to digest and release varied intervals throughout the day to ensure your muscles get the amino acids they need.* This formula is designed to support your body composition goals with naturally occurring branched chain amino acids (BCAA), which may help reduce muscle breakdown during exercise, added medium chain triglycerides (MCT), which are quickly absorbed by the body for use of energy, and a dual carbohydrate system to preserve and replenish energy stores.* Pro Performance® Weight Gainer also includes naturally occurring arginine to fuel muscle cells and influence the cardiovascular system through nitric oxide production.*",
        "weight": "2.5kg",
        "price": "29.99",
        "rating": "4.60",
        "image_url": null,
        "image": "gnc-w-gainer.jpg"
    }
},
{
    "model": "products.product",
    "pk": 46,
    "fields": {
        "category": 7,
        "sku": "wg2564535205",
        "name": "Weight & Mass Gainer Blend",
        "description": "Our Impact Weight Gainer is a beast of a supplement, perfect for anyone wanting to increase size and mass. Your body can only do this if it’s in a calorie surplus – simply put, you have to consume more calories than you burn.\r\n\r\nNeed to rack up the calories? This protein and carbohydrate powder blend is the one for rapidly increasing your daily count.",
        "weight": "2.5kg",
        "price": "31.49",
        "rating": "4.90",
        "image_url": null,
        "image": "w-gainers-myprotein.jpg"
    }
},
{
    "model": "products.product",
    "pk": 47,
    "fields": {
        "category": 8,
        "sku": "wl3564535300",
        "name": "Burn Belly Fat ™  (Capsules)",
        "description": "Burn Belly Fat is a high octane fat burner with scientifically proven stimulants that will ignite and accelerate fat loss for both men and women of all ages. Burn Belly Fat uses 100% natural and safe ingredients to significantly increase weight loss.\r\n\r\nUp to 2 months supply\r\n8 powerful Pharma Grade weight loss stimulants\r\nScientifically proven natural fat loss agents\r\nFast results for men & women\r\n\r\n Capsules: 180 tablets",
        "weight": "N/A",
        "price": "93.36",
        "rating": "5.00",
        "image_url": null,
        "image": "burn-belly-fat--web-img1.jpg"
    }
},
{
    "model": "products.product",
    "pk": 48,
    "fields": {
        "category": 8,
        "sku": "wl3564535301",
        "name": "The Thermo-X (Capsules)",
        "description": "The Thermo-X is not your average fat burner. Our ultimate formula of caffeine, rhodiola, and the popular patented ingredients TheaCrine, CapsiMax® and BioPerine® — giving you unrivaled focus whenever you need an extra boost! Discover more from the Myprotein Pro range here.\r\n\r\nCapsules: 90 tablets",
        "weight": "N/A",
        "price": "25.99",
        "rating": "4.60",
        "image_url": null,
        "image": "the-termo-myprotein.jpg"
    }
},
{
    "model": "products.product",
    "pk": 49,
    "fields": {
        "category": 8,
        "sku": "wl3564535302",
        "name": "Impact Diet Whey",
        "description": "Impact Diet Whey is a whey protein powder that has been specially developed to provide a boost of protein1 without unnecessary carbs. We've also added extra glutamine, which naturally occurs in protein, which helps to build and repair new muscle1 — important when you’re looking to tone up.\r\n\r\nWhat’s more, this protein shake is also great for vegetarians, so you can enjoy the benefits of Impact Diet Whey whatever your lifestyle.",
        "weight": "5kg",
        "price": "29.99",
        "rating": "4.60",
        "image_url": null,
        "image": "diet-whey.jpg"
    }
},
{
    "model": "products.product",
    "pk": 50,
    "fields": {
        "category": 8,
        "sku": "wl3564535303",
        "name": "LeanMode (Capsules)",
        "description": "METABOLISM SUPPORT*\r\n5 MODES OF ACTION\r\nAPPETITE SUPPORT*\r\nVEGAN/GLUTEN FREE",
        "weight": "N/A",
        "price": "16.35",
        "rating": "4.70",
        "image_url": null,
        "image": "evl-lean-body-gray-bar-700xh.jpg"
    }
},
{
    "model": "products.product",
    "pk": 51,
    "fields": {
        "category": 9,
        "sku": "na8004535800",
        "name": "Musashi High Protein Bar Cookies And Cream 90g",
        "description": "Musashi High Protein Cookies and Cream is delicious chocolate-coated bar with tasty flavoured centre and 45g of high-quality protein.\r\n\r\nMUSASHI HIGH PROTEIN bar packs 45g of protein with less than 3g of carbs in a convenient, delicious milk chocolate coated bar with a cookies and cream flavoured centre. Great for when you need your protein hit post-workout, or as a powerful nutritious snack on-the-go. Trusted Sports Nutrition\r\nProduct Claims: Advanced Protein Blend, Low Carb",
        "weight": "90g",
        "price": "3.29",
        "rating": "4.60",
        "image_url": null,
        "image": "musashi.jpg"
    }
},
{
    "model": "products.product",
    "pk": 52,
    "fields": {
        "category": 9,
        "sku": "na8004535801",
        "name": "Chocolate Peanut & Caramel Flavour Protein Bar 55g Harvest Morn",
        "description": "High Protein Bar With Peanut And Caramel Flavour, With Milk Chocolate Coating, With Sweeteners, Fortified With 9 Vitamins.\r\nPer 55g serving Energy (8400kJ/2000kcal) 816kJ, 195kcal 10% Fat (70g) 7.2g 10% MEDIUM Saturates (20g) 3.3g 16% HIGH Sugars (90g) 2.0g 2% LOW Salt (6g) 0.18g 3% MEDIUM",
        "weight": "55g",
        "price": "1.99",
        "rating": "4.00",
        "image_url": null,
        "image": "protein-bars-choc.png"
    }
},
{
    "model": "products.product",
    "pk": 53,
    "fields": {
        "category": 9,
        "sku": "na8004535802",
        "name": "Fulfil Vitamin and Protein Bar – Chocolate Salted Caramel Flavor, 55g",
        "description": "An indulgent milk chocolate coating surrounds a soft, silky salted caramel centre topped with a layer of crunchy crispies, with all the added benefits of 20g protein, low sugar and 9 multivitamins.\r\n\r\nThis bar only contains 197 kcal per serving.",
        "weight": "55g",
        "price": "2.95",
        "rating": "4.80",
        "image_url": null,
        "image": "snapshotimagehandler_1604600808.jpeg"
    }
},
{
    "model": "products.product",
    "pk": 54,
    "fields": {
        "category": 9,
        "sku": "na8004535803",
        "name": "Fulfil Chocolate Caramel Protein Bar 55g",
        "description": "Vitamin & Protein Bar with Caramel Flavour and a Milk Chocolate Coating, with Sweeteners.\r\n\r\n\r\nHIGH PROTEIN & LOW SUGAR BARS\r\n9 VITAMINS\r\nDELICIOUS & NUTRITIOUS\r\nHIGH PROTEIN & LOW SUGAR BARS: Each 55g bar contains 20g of protein and only 192 calories. Great for a tasty treat or a post workout refuel. Our Chocolate Caramel Flavour has a delicious milk chocolate coating, creamy caramel layer and chewy crispy centre.\r\n\r\n\r\n9 VITAMINS: Each FULFIL bar contains 30% RDA for 9 essential vitamins to support you through everyday life.",
        "weight": "55g",
        "price": "3.29",
        "rating": "4.90",
        "image_url": null,
        "image": "protein-bars.png"
    }
}
]
